AA	Codon	tRNA	tAI	Microarray	RNAseq	A	P	E
K	AAA	7	0.431034	222273	82386	0.73	1.0087	0.9298
N	AAC	10	0.615764	378101	110849	0.6374	0.8737	0.9341
K	AAG	14	1	397111	83036	0.6747	1.063	1.0088
N	AAT	6.4	0.27032	241984.64	70943.36	0.7248	1.006	0.9474
T	ACA	4	0.246373	105862	47598	0.7377	0.8986	0.9398
T	ACC	7.04	0.487685	244374.4	36396.16	0.6849	0.9109	0.912
T	ACG	1	0.140394	113104	16861	0.941	1.0633	1.0664
T	ACT	11	0.67734	381835	56869	0.7094	0.9963	1.0435
R	AGA	11	0.67734	683001	98864	0.7593	1.1028	1.0816
Z	AGC	2	0.123153	249948	61334	0.8129	0.9816	0.9745
R	AGG	1	0.278325	106890	12911	0.9527	1.0944	1.0119
Z	AGT	1.28	0.054064	159966.72	39253.76	0.7923	1.0873	0.9958
I	ATA	2	0.123233	54352	39556	5.2485	0.9604	0.8835
I	ATC	8.32	0.576355	586391.04	67769.6	2.8466	0.9621	0.9899
M	ATG	10	0.615764	266917	67121	0.6758	1.041	0.9476
I	ATT	13	0.800493	916236	105890	3.1851	1.0012	0.954
Q	CAA	9	0.554187	436225	89917	0.6214	0.8962	0.8807
H	CAC	7	0.431034	727396	81702	0.6351	0.7769	0.8795
Q	CAG	1	0.238916	89093	9990.777778	0.6961	0.9827	0.8993
H	CAT	4.48	0.189224	465533.44	52289.28	0.7308	0.9846	0.95
P	CCA	10	0.615776	286531	112091	0.7723	1.111	0.9385
P	CCC	1.28	0.08867	36940.8	11043.84	1.0552	1.0189	0.8183
P	CCG	6.4	0.197044	183379.84	71738.24	2.0133	1.4748	1.1993
P	CCT	2	0.123153	57720	17256	0.8945	1.111	0.9917
R	CGA	3.66	3.7e-05	261137.95	36380.4	2.9776	3.0966	1.3025
R	CGC	3.84	0.26601	273980.8	38169.6	0.9196	0.8285	0.9955
R	CGG	1	0.061576	60792	15330	1.5307	1.3412	0.9605
R	CGT	6	0.369458	428095	59640	0.8055	1.0317	1.1535
L	CTA	3	0.184729	94608	63675	0.7692	0.9769	0.8953
L	CTC	1	0.061576	63503	13613	0.9786	1.0829	1.0359
L	CTG	1.92	0.059113	60549.12	40752	1.016	1.1754	1.024
L	CTT	0.64	0.027032	40641.92	8712.32	0.7634	0.9955	1.0385
E	GAA	14	0.862069	1618235	121285	0.7419	0.87	0.9935
D	GAC	16	0.985222	1789916	105539	0.8768	0.9119	1.1958
E	GAG	2	0.399015	393379	8663.214286	0.799	0.8912	1.0004
D	GAT	10.24	0.432512	1145546.24	67544.96	1.0066	1.0996	1.1907
A	GCA	5	0.30795	384682	26087	0.7735	0.8401	0.8949
A	GCC	7.04	0.487685	136141.44	41927.04	0.7615	0.7952	0.849
A	GCG	3.2	0.098522	246196.48	16695.68	0.9918	0.8912	0.9598
A	GCT	11	0.67734	212721	65511	0.7766	0.9266	0.962
G	GGA	3	0.184729	287325	61092	0.9692	1.0418	1.0312
G	GGC	16	0.985222	826342	70286	0.972	0.9167	1.0209
G	GGG	2	0.182266	129338	21404	0.9966	0.9657	0.9746
G	GGT	10.24	0.432512	528858.88	44983.04	1.0381	1.0849	1.086
V	GTA	2	0.123239	145923	33845	0.9617	0.9841	0.924
V	GTC	8.96	0.62069	515950.72	56675.84	0.8265	0.875	0.9841
V	GTG	2	0.162562	118162	44651	0.9318	0.9244	0.9715
V	GTT	14	0.862069	806173	88556	0.7736	0.8923	0.9968
Y	TAC	8	0.492611	343867	91388	0.7044	0.7725	0.938
Y	TAT	5.12	0.216256	220074.88	58488.32	0.7609	0.9085	1.0168
S	TCA	3	0.184797	86913	58804	0.7586	1.0379	1.0318
S	TCC	7.04	0.487685	507436.8	58654.72	0.7421	1.0709	1.0034
S	TCG	1	0.12069	34793	49376	0.9475	1.1115	1.0467
S	TCT	11	0.67734	792870	91648	0.8321	1.1718	1.1612
C	TGC	4	0.246305	106137	84453	0.9481	0.9552	1.046
W	TGG	6	0.369458	298500	60236	0.9331	0.995	1.034
C	TGT	2.56	0.108128	67927.68	54049.92	0.8788	1.0648	1.1208
L	TTA	7	0.431034	271592	49562	0.7217	1.0116	0.9946
F	TTC	10	0.615764	104391	81287	0.8323	0.9988	1.1004
L	TTG	10	0.753695	709768	96605	0.7833	1.1318	1.0018
F	TTT	6.4	0.27032	66810.24	52023.68	0.8314	1.0681	1.0261
