"Length"	"Position"	"Frame"	"A"	"C"	"G"	"T"	"CHX"
15	1	0	0.5	0	0	0.5	100
15	2	0	0	0	0.5	0.5	100
15	3	0	0.5	0.5	0	0	100
15	4	0	0	0.5	0	0.5	100
15	5	0	0	0.5	0.5	0	100
15	6	0	0	0	0.5	0.5	100
15	7	0	0	0	0.5	0.5	100
15	8	0	0	1	0	0	100
15	9	0	0.5	0.5	0	0	100
15	10	0	0	0.5	0.5	0	100
15	11	0	0.5	0	0.5	0	100
15	12	0	1	0	0	0	100
15	13	0	0.5	0	0.5	0	100
15	14	0	1	0	0	0	100
15	15	0	0	0	1	0	100
15	1	1	0.5	0	0	0.5	100
15	2	1	0.5	0	0	0.5	100
15	3	1	0	0.5	0	0.5	100
15	4	1	0.5	0	0	0.5	100
15	5	1	0	0	0.5	0.5	100
15	6	1	0.5	0.5	0	0	100
15	7	1	0	1	0	0	100
15	8	1	0	0	0.5	0.5	100
15	9	1	0	1	0	0	100
15	10	1	0	0	0	1	100
15	11	1	0.5	0	0.5	0	100
15	12	1	0	0.5	0.5	0	100
15	13	1	0	0.5	0.5	0	100
15	14	1	0	0	1	0	100
15	15	1	0	0	1	0	100
15	NA	2	NA	NA	NA	NA	100
15	NA	2	NA	NA	NA	NA	100
15	NA	2	NA	NA	NA	NA	100
15	NA	2	NA	NA	NA	NA	100
15	NA	2	NA	NA	NA	NA	100
15	NA	2	NA	NA	NA	NA	100
15	NA	2	NA	NA	NA	NA	100
15	NA	2	NA	NA	NA	NA	100
15	NA	2	NA	NA	NA	NA	100
15	NA	2	NA	NA	NA	NA	100
15	NA	2	NA	NA	NA	NA	100
15	NA	2	NA	NA	NA	NA	100
15	NA	2	NA	NA	NA	NA	100
15	NA	2	NA	NA	NA	NA	100
15	NA	2	NA	NA	NA	NA	100
16	NA	0	0.5	0.167	0	0.333	100
16	NA	0	0.333	0.667	0	0	100
16	NA	0	0.333	0	0.333	0.333	100
16	NA	0	0.333	0.167	0.5	0	100
16	NA	0	0.667	0.167	0.167	0	100
16	NA	0	0.5	0.167	0.167	0.167	100
16	NA	0	0.333	0.167	0.333	0.167	100
16	NA	0	0	0.167	0.333	0.5	100
16	NA	0	0.333	0	0.333	0.333	100
16	NA	0	0.333	0	0.167	0.5	100
16	NA	0	0.167	0.5	0.333	0	100
16	NA	0	0.333	0.167	0.5	0	100
16	NA	0	0.167	0	0.167	0.667	100
16	NA	0	0.333	0	0	0.667	100
16	NA	0	0.167	0.167	0.333	0.333	100
16	NA	0	0.333	0.167	0.333	0.167	100
16	NA	1	1	0	0	0	100
16	NA	1	0.5	0	0	0.5	100
16	NA	1	0.5	0.5	0	0	100
16	NA	1	0.5	0	0	0.5	100
16	NA	1	0.5	0	0.5	0	100
16	NA	1	0.5	0	0	0.5	100
16	NA	1	0	0.5	0	0.5	100
16	NA	1	0	0	0	1	100
16	NA	1	0.5	0	0	0.5	100
16	NA	1	0	0.5	0.5	0	100
16	NA	1	0	0	0	1	100
16	NA	1	0	1	0	0	100
16	NA	1	1	0	0	0	100
16	NA	1	0.5	0	0	0.5	100
16	NA	1	0	0.5	0	0.5	100
16	NA	1	0	0.5	0	0.5	100
16	NA	2	0.556	0.111	0.111	0.222	100
16	NA	2	0.111	0.111	0.222	0.556	100
16	NA	2	0.111	0.111	0.444	0.333	100
16	NA	2	0.111	0	0.667	0.222	100
16	NA	2	0.333	0.333	0.111	0.222	100
16	NA	2	0.222	0.222	0.111	0.444	100
16	NA	2	0.111	0.222	0.444	0.222	100
16	NA	2	0.111	0.556	0.333	0	100
16	NA	2	0.333	0.222	0	0.444	100
16	NA	2	0.111	0	0.556	0.333	100
16	NA	2	0.111	0.222	0.111	0.556	100
16	NA	2	0.222	0.333	0	0.444	100
16	NA	2	0.111	0.333	0.111	0.444	100
16	NA	2	0.222	0.444	0	0.333	100
16	NA	2	0.111	0.111	0.222	0.556	100
16	NA	2	0	0.111	0.667	0.222	100
15	NA	0	0.5	0	0	0.5	100
15	NA	0	0.167	0.167	0.333	0.333	100
15	NA	0	0.333	0.167	0.333	0.167	100
15	NA	0	0.5	0.167	0	0.333	100
15	NA	0	0.5	0.333	0	0.167	100
15	NA	0	0.167	0.333	0.5	0	100
15	NA	0	0.667	0	0	0.333	100
15	NA	0	0.167	0.167	0.5	0.167	100
15	NA	0	0.167	0.167	0.333	0.333	100
15	NA	0	0.167	0.5	0	0.333	100
15	NA	0	0.167	0.333	0.333	0.167	100
15	NA	0	0.167	0	0.167	0.667	100
15	NA	0	0.167	0.5	0.167	0.167	100
15	NA	0	0.167	0.167	0.333	0.333	100
15	NA	0	0.667	0	0.333	0	100
15	NA	0	0.333	0.333	0.167	0.167	100
15	NA	0	0.167	0.333	0.167	0.333	100
15	NA	1	0.364	0.0909	0.0455	0.5	100
15	NA	1	0.409	0.227	0.0909	0.273	100
15	NA	1	0.318	0.273	0.136	0.273	100
15	NA	1	0.227	0.273	0.227	0.273	100
15	NA	1	0.364	0.136	0.273	0.227	100
15	NA	1	0.5	0.273	0.136	0.0909	100
15	NA	1	0.273	0.182	0.136	0.409	100
15	NA	1	0.318	0.0909	0.5	0.0909	100
15	NA	1	0.409	0.136	0.273	0.182	100
15	NA	1	0.0909	0.227	0.182	0.5	100
15	NA	1	0.409	0.0909	0.273	0.227	100
15	NA	1	0.455	0.227	0	0.318	100
15	NA	1	0.273	0.182	0.136	0.409	100
15	NA	1	0.455	0.0909	0.318	0.136	100
15	NA	1	0.455	0.182	0.182	0.182	100
15	NA	1	0.136	0.273	0.136	0.455	100
15	NA	1	0.318	0.0909	0.409	0.182	100
15	NA	2	0.5	0.25	0.167	0.0833	100
15	NA	2	0.667	0.0833	0.167	0.0833	100
15	NA	2	0.167	0.5	0.0833	0.25	100
15	NA	2	0.5	0	0.333	0.167	100
15	NA	2	0.583	0.0833	0.333	0	100
15	NA	2	0.333	0.25	0.167	0.25	100
15	NA	2	0.167	0.25	0.167	0.417	100
15	NA	2	0.25	0.417	0	0.333	100
15	NA	2	0.25	0.333	0.167	0.25	100
15	NA	2	0.0833	0.167	0.667	0.0833	100
15	NA	2	0.25	0.417	0	0.333	100
14	NA	2	0.167	0.333	0.167	0.333	100
14	NA	2	0.5	0.167	0.25	0.0833	100
14	NA	2	0.417	0.25	0.0833	0.25	100
14	NA	2	0.25	0.333	0.167	0.25	100
14	NA	2	0.25	0.0833	0.417	0.25	100
14	NA	2	0	0.25	0.333	0.417	100
14	NA	0	0.561	0.158	0.105	0.175	100
14	NA	0	0.351	0.228	0.0877	0.333	100
14	NA	0	0.368	0.158	0.246	0.228	100
14	NA	0	0.421	0.105	0.123	0.351	100
14	NA	0	0.263	0.228	0.14	0.368	100
14	NA	0	0.421	0.105	0.298	0.175	100
14	NA	0	0.421	0.246	0.0877	0.246	100
14	NA	0	0.193	0.193	0.263	0.351	100
14	NA	0	0.263	0.228	0.228	0.281	100
14	NA	0	0.386	0.228	0.158	0.228	100
14	NA	0	0.228	0.263	0.193	0.316	100
14	NA	0	0.368	0.105	0.281	0.246	100
14	NA	0	0.561	0.0877	0.105	0.246	100
14	NA	0	0.421	0.211	0.158	0.211	100
14	NA	0	0.386	0.158	0.246	0.211	100
14	NA	0	0.333	0.211	0.105	0.351	100
14	NA	0	0.246	0.246	0.175	0.333	100
14	NA	0	0.368	0.0702	0.404	0.158	100
14	NA	1	0.467	0.133	0.0667	0.333	100
14	NA	1	0.533	0.133	0.333	0	100
14	NA	1	0.267	0.267	0	0.467	100
14	NA	1	0.133	0.333	0.0667	0.467	100
14	NA	1	0.333	0.2	0.133	0.333	100
14	NA	1	0.4	0.333	0.0667	0.2	100
14	NA	1	0.333	0.2	0.267	0.2	100
14	NA	1	0.267	0.2	0.333	0.2	100
14	NA	1	0.2	0.133	0	0.667	100
14	NA	1	0.267	0.4	0.133	0.2	100
14	NA	1	0.267	0	0.467	0.267	100
14	NA	1	0.533	0	0.2	0.267	100
14	NA	1	0.333	0.267	0.0667	0.333	100
14	NA	1	0.267	0.133	0.333	0.267	100
14	NA	1	0.4	0.2	0	0.4	100
14	NA	1	0.333	0.133	0.267	0.267	100
14	NA	1	0.133	0.333	0.333	0.2	100
14	NA	1	0.133	0.267	0.467	0.133	100
15	1	0	0.44435	0.18193	0.119565	0.254255	1
15	2	0	0.23813	0.30375	0.151235	0.307	1
15	3	0	0.3434	0.12385	0.3474	0.1854	1
15	4	0	0.34755	0.2376	0.1594	0.25535	1
15	5	0	0.2532	0.2838	0.191965	0.27095	1
15	6	0	0.251465	0.1975	0.3422	0.20885	1
15	7	0	0.31535	0.2654	0.172665	0.24665	1
15	8	0	0.2452	0.28285	0.19675	0.27525	1
15	9	0	0.2964	0.18145	0.30285	0.219065	1
15	10	0	0.3117	0.30055	0.15047	0.2373	1
15	11	0	0.24765	0.29485	0.2099	0.24775	1
15	12	0	0.288	0.1775	0.3399	0.1947	1
15	13	0	0.31495	0.28945	0.16703	0.2287	1
15	14	0	0.2177	0.2766	0.18024	0.3258	1
15	15	0	0.2567	0.207	0.34595	0.190315	1
15	1	1	0.3874	0.14142	0.13235	0.33914	1
15	2	1	0.3199	0.19717	0.279725	0.20325	1
15	3	1	0.28875	0.22825	0.2002	0.28275	1
15	4	1	0.32555	0.2375	0.19155	0.24545	1
15	5	1	0.2969	0.20596	0.29905	0.19815	1
15	6	1	0.2775	0.2971	0.164365	0.26095	1
15	7	1	0.22635	0.3256	0.1828	0.265345	1
15	8	1	0.24285	0.185	0.3703	0.20175	1
15	9	1	0.3126	0.29315	0.154475	0.23995	1
15	10	1	0.22015	0.25965	0.19441	0.325945	1
15	11	1	0.24895	0.208245	0.37565	0.166945	1
15	12	1	0.34745	0.2806	0.163765	0.20825	1
15	13	1	0.251845	0.25995	0.17785	0.3104	1
15	14	1	0.2121	0.21735	0.33355	0.236895	1
15	15	1	0.30875	0.29985	0.175045	0.21635	1
15	NA	2	0.4211	0.114195	0.178515	0.286245	1
15	NA	2	0.2888	0.29405	0.117725	0.2994	1
15	NA	2	0.2522	0.23507	0.2235	0.2891	1
15	NA	2	0.29985	0.136135	0.3767	0.187325	1
15	NA	2	0.32785	0.2599	0.204875	0.20715	1
15	NA	2	0.19265	0.2828	0.21395	0.3107	1
15	NA	2	0.2385	0.25165	0.3101	0.19965	1
15	NA	2	0.3329	0.31125	0.141385	0.21435	1
15	NA	2	0.2527	0.3093	0.171	0.26705	1
15	NA	2	0.28405	0.160405	0.2975	0.25782	1
15	NA	2	0.3247	0.22965	0.2	0.24567	1
15	NA	2	0.223	0.24265	0.23895	0.29555	1
15	NA	2	0.29045	0.16997	0.38275	0.15675	1
15	NA	2	0.2282	0.38455	0.16585	0.22145	1
15	NA	2	0.2254	0.33615	0.16735	0.27095	1
16	NA	0	0.47715	0.16891	0.08002	0.273995	1
16	NA	0	0.26075	0.28885	0.137625	0.3126	1
16	NA	0	0.3553	0.09695	0.34635	0.20131	1
16	NA	0	0.3857	0.183945	0.155135	0.27535	1
16	NA	0	0.27385	0.2672	0.18491	0.27415	1
16	NA	0	0.3136	0.159645	0.31265	0.2139	1
16	NA	0	0.32015	0.26265	0.129435	0.2877	1
16	NA	0	0.233335	0.2553	0.1925	0.31875	1
16	NA	0	0.29935	0.1605	0.33575	0.20425	1
16	NA	0	0.33215	0.2688	0.15246	0.2467	1
16	NA	0	0.249	0.2709	0.15785	0.3223	1
16	NA	0	0.32445	0.164285	0.2926	0.21875	1
16	NA	0	0.35995	0.23955	0.15364	0.2469	1
16	NA	0	0.27665	0.2237	0.19556	0.30385	1
16	NA	0	0.2753	0.163885	0.3093	0.25155	1
16	NA	0	0.31095	0.24241	0.1769	0.269685	1
16	NA	1	0.3892	0.14502	0.114015	0.351795	1
16	NA	1	0.2886	0.183795	0.266215	0.26115	1
16	NA	1	0.3515	0.21535	0.14511	0.2879	1
16	NA	1	0.29325	0.20745	0.18875	0.31075	1
16	NA	1	0.30245	0.177	0.31005	0.21055	1
16	NA	1	0.34705	0.2348	0.1686	0.24945	1
16	NA	1	0.2298	0.25125	0.2023	0.31655	1
16	NA	1	0.2952	0.17675	0.31125	0.21695	1
16	NA	1	0.34985	0.27875	0.13181	0.2395	1
16	NA	1	0.27445	0.2528	0.1718	0.30115	1
16	NA	1	0.30595	0.16545	0.30895	0.21975	1
16	NA	1	0.3765	0.24415	0.136525	0.24295	1
16	NA	1	0.3072	0.2146	0.16885	0.30925	1
16	NA	1	0.33595	0.14537	0.2995	0.21925	1
16	NA	1	0.309	0.25285	0.15456	0.28355	1
16	NA	1	0.26345	0.24895	0.18735	0.3003	1
16	NA	2	0.49315	0.11011	0.16929	0.227435	1
16	NA	2	0.3214	0.27685	0.10552	0.2963	1
16	NA	2	0.25885	0.21405	0.2322	0.295	1
16	NA	2	0.3409	0.10504	0.31985	0.2341	1
16	NA	2	0.34575	0.249625	0.15693	0.24765	1
16	NA	2	0.24145	0.2524	0.1995	0.3065	1
16	NA	2	0.30205	0.1614	0.31015	0.2264	1
16	NA	2	0.3276	0.26305	0.13505	0.27435	1
16	NA	2	0.2549	0.25345	0.17545	0.31615	1
16	NA	2	0.3114	0.1676	0.3099	0.2111	1
16	NA	2	0.33765	0.2542	0.139085	0.26915	1
16	NA	2	0.27915	0.23435	0.18815	0.2985	1
16	NA	2	0.31485	0.16275	0.32285	0.19949	1
16	NA	2	0.3358	0.24765	0.168325	0.2481	1
16	NA	2	0.24295	0.2352	0.171425	0.3505	1
16	NA	2	0.3239	0.15805	0.32805	0.19005	1
15	NA	0	0.48805	0.158205	0.064985	0.28875	1
15	NA	0	0.29815	0.2759	0.128855	0.2971	1
15	NA	0	0.36425	0.103885	0.33035	0.201345	1
15	NA	0	0.398	0.18506	0.138415	0.278345	1
15	NA	0	0.273845	0.2336	0.19175	0.3008	1
15	NA	0	0.3337	0.15403	0.298445	0.21395	1
15	NA	0	0.353	0.2326	0.128745	0.285645	1
15	NA	0	0.26285	0.235095	0.179995	0.32225	1
15	NA	0	0.31495	0.15665	0.31525	0.213325	1
15	NA	0	0.3725	0.2434	0.125515	0.25875	1
15	NA	0	0.2541	0.2449	0.17015	0.33085	1
15	NA	0	0.3437	0.1553	0.28385	0.21735	1
15	NA	0	0.37505	0.23485	0.113495	0.2768	1
15	NA	0	0.30605	0.2136	0.19095	0.28965	1
15	NA	0	0.3664	0.136835	0.31575	0.1812	1
15	NA	0	0.3695	0.217	0.12288	0.29065	1
15	NA	0	0.27795	0.229	0.1676	0.32565	1
15	NA	1	0.42875	0.1417	0.101935	0.327595	1
15	NA	1	0.34735	0.176995	0.23975	0.23595	1
15	NA	1	0.3953	0.21615	0.12875	0.25965	1
15	NA	1	0.2785	0.2089	0.1905	0.3222	1
15	NA	1	0.33965	0.135365	0.3086	0.21645	1
15	NA	1	0.3595	0.22615	0.1397	0.2746	1
15	NA	1	0.2678	0.2342	0.1758	0.32235	1
15	NA	1	0.30775	0.1528	0.293	0.24655	1
15	NA	1	0.32755	0.2605	0.13804	0.2738	1
15	NA	1	0.2672	0.2404	0.167325	0.325	1
15	NA	1	0.32125	0.1601	0.2967	0.22215	1
15	NA	1	0.3645	0.2341	0.122175	0.2792	1
15	NA	1	0.2924	0.2218	0.1801	0.30575	1
15	NA	1	0.32075	0.15185	0.31855	0.20905	1
15	NA	1	0.3747	0.2308	0.141035	0.25355	1
15	NA	1	0.2784	0.23275	0.157595	0.3311	1
15	NA	1	0.3451	0.14706	0.3106	0.19705	1
15	NA	2	0.51765	0.106655	0.171995	0.203775	1
15	NA	2	0.3605	0.2495	0.099925	0.29015	1
15	NA	2	0.284	0.18928	0.228	0.2988	1
15	NA	2	0.33355	0.111495	0.31085	0.2439	1
15	NA	2	0.34785	0.2373	0.144725	0.27015	1
15	NA	2	0.28455	0.229	0.17378	0.3126	1
15	NA	2	0.33025	0.1557	0.2832	0.2309	1
15	NA	2	0.3213	0.2495	0.125895	0.30335	1
15	NA	2	0.2671	0.229995	0.159425	0.3436	1
15	NA	2	0.3055	0.15395	0.3119	0.2286	1
15	NA	2	0.33635	0.27395	0.1355	0.2542	1
14	NA	2	0.2583	0.233	0.16555	0.34325	1
14	NA	2	0.33335	0.152545	0.2946	0.2193	1
14	NA	2	0.3618	0.23795	0.14375	0.25655	1
14	NA	2	0.31255	0.2156	0.179495	0.29225	1
14	NA	2	0.2722	0.151275	0.29745	0.27905	1
14	NA	2	0.30425	0.2349	0.1503	0.31035	1
14	NA	0	0.4991	0.16182	0.06624	0.272845	1
14	NA	0	0.3241	0.2444	0.125355	0.3061	1
14	NA	0	0.3766	0.110695	0.30695	0.206	1
14	NA	0	0.40985	0.207	0.127645	0.25565	1
14	NA	0	0.2649	0.22645	0.18695	0.3216	1
14	NA	0	0.3295	0.12674	0.3193	0.2245	1
14	NA	0	0.36485	0.2217	0.123855	0.2896	1
14	NA	0	0.2804	0.2263	0.16405	0.32905	1
14	NA	0	0.3239	0.14585	0.29835	0.23215	1
14	NA	0	0.3528	0.2365	0.12798	0.2826	1
14	NA	0	0.27105	0.23425	0.1653	0.32955	1
14	NA	0	0.3319	0.14989	0.29265	0.22575	1
14	NA	0	0.36765	0.2282	0.121825	0.28225	1
14	NA	0	0.29515	0.2193	0.17715	0.30825	1
14	NA	0	0.3443	0.129405	0.32775	0.19845	1
14	NA	0	0.3904	0.2278	0.133935	0.2477	1
14	NA	0	0.29385	0.22775	0.15335	0.3253	1
14	NA	0	0.36475	0.13714	0.29435	0.20365	1
14	NA	1	0.44235	0.138795	0.09639	0.322575	1
14	NA	1	0.37375	0.168475	0.2319	0.22585	1
14	NA	1	0.4131	0.21065	0.120725	0.25575	1
14	NA	1	0.28145	0.2145	0.1936	0.31055	1
14	NA	1	0.32015	0.133755	0.30405	0.24205	1
14	NA	1	0.3539	0.2336	0.133595	0.2791	1
14	NA	1	0.2985	0.21905	0.1778	0.3046	1
14	NA	1	0.3375	0.154	0.26945	0.2391	1
14	NA	1	0.33135	0.24036	0.130835	0.2973	1
14	NA	1	0.25695	0.23885	0.1747	0.3295	1
14	NA	1	0.316	0.14885	0.2993	0.2358	1
14	NA	1	0.35095	0.249	0.130535	0.2693	1
14	NA	1	0.24825	0.2381	0.16055	0.3531	1
14	NA	1	0.32905	0.1583	0.29985	0.2126	1
14	NA	1	0.3872	0.22895	0.131225	0.2526	1
14	NA	1	0.3067	0.20755	0.173595	0.31235	1
14	NA	1	0.2875	0.14862	0.29445	0.26935	1
14	NA	1	0.3074	0.22645	0.1512	0.315	1
15	1	0	0.4713	0.2077	0.09672	0.2242	0
15	2	0	0.2325	0.2969	0.1681	0.3023	0
15	3	0	0.2337	0.1885	0.4046	0.1729	0
15	4	0	0.3175	0.2685	0.2135	0.2002	0
15	5	0	0.2945	0.286	0.1699	0.2494	0
15	6	0	0.2747	0.1535	0.3578	0.2137	0
15	7	0	0.2543	0.3152	0.187	0.2433	0
15	8	0	0.16	0.3231	0.1961	0.3205	0
15	9	0	0.2747	0.1675	0.3384	0.2195	0
15	10	0	0.3612	0.2705	0.1288	0.2397	0
15	11	0	0.233	0.25	0.2271	0.2897	0
15	12	0	0.2292	0.1743	0.3929	0.2035	0
15	13	0	0.2762	0.2521	0.1867	0.2849	0
15	14	0	0.2059	0.2857	0.2125	0.296	0
15	15	0	0.2116	0.2298	0.3489	0.2099	0
15	1	1	0.3906	0.2207	0.1383	0.2503	0
15	2	1	0.2799	0.1727	0.3197	0.2276	0
15	3	1	0.2918	0.2665	0.2303	0.2113	0
15	4	1	0.2311	0.2369	0.2536	0.2785	0
15	5	1	0.2883	0.2053	0.3099	0.1964	0
15	6	1	0.2642	0.3235	0.1939	0.2185	0
15	7	1	0.2397	0.2918	0.1912	0.2773	0
15	8	1	0.291	0.192	0.3506	0.1663	0
15	9	1	0.2615	0.3244	0.1812	0.2327	0
15	10	1	0.195	0.2609	0.1799	0.3639	0
15	11	1	0.2653	0.2022	0.3384	0.1942	0
15	12	1	0.2992	0.3156	0.1709	0.2142	0
15	13	1	0.2541	0.3009	0.1995	0.2455	0
15	14	1	0.1721	0.2194	0.4186	0.1898	0
15	15	1	0.206	0.3101	0.1998	0.2838	0
15	NA	2	0.5451	0.1356	0.2049	0.1143	0
15	NA	2	0.2257	0.4132	0.1371	0.224	0
15	NA	2	0.3104	0.2154	0.2134	0.261	0
15	NA	2	0.3225	0.1644	0.3105	0.2028	0
15	NA	2	0.3192	0.2142	0.2643	0.2021	0
15	NA	2	0.1951	0.2183	0.2945	0.2924	0
15	NA	2	0.2237	0.1498	0.353	0.2733	0
15	NA	2	0.2827	0.4045	0.1313	0.1815	0
15	NA	2	0.1816	0.2429	0.1244	0.4507	0
15	NA	2	0.2192	0.257	0.33	0.1939	0
15	NA	2	0.2484	0.2517	0.1605	0.3394	0
15	NA	2	0.2873	0.2073	0.233	0.2725	0
15	NA	2	0.3205	0.1055	0.3737	0.2002	0
15	NA	2	0.2915	0.2672	0.1851	0.2563	0
15	NA	2	0.2038	0.2439	0.2304	0.3222	0
16	NA	0	0.4439	0.2168	0.1235	0.216	0
16	NA	0	0.2553	0.2823	0.1397	0.3227	0
16	NA	0	0.296	0.1592	0.3543	0.1906	0
16	NA	0	0.3403	0.2051	0.1835	0.2712	0
16	NA	0	0.2438	0.2509	0.2118	0.2932	0
16	NA	0	0.2645	0.193	0.3439	0.1987	0
16	NA	0	0.2837	0.2484	0.1788	0.2891	0
16	NA	0	0.1945	0.2624	0.2057	0.3375	0
16	NA	0	0.3044	0.1463	0.3242	0.225	0
16	NA	0	0.3145	0.2879	0.1677	0.2298	0
16	NA	0	0.2197	0.2783	0.1627	0.3393	0
16	NA	0	0.2774	0.167	0.3304	0.2255	0
16	NA	0	0.3476	0.2335	0.1924	0.2266	0
16	NA	0	0.3292	0.1958	0.2232	0.2519	0
16	NA	0	0.2194	0.189	0.3184	0.2733	0
16	NA	0	0.2601	0.264	0.1803	0.2955	0
16	NA	1	0.3868	0.189	0.1239	0.3001	0
16	NA	1	0.2525	0.1635	0.3435	0.2406	0
16	NA	1	0.3058	0.247	0.2215	0.2257	0
16	NA	1	0.2498	0.2185	0.1908	0.3411	0
16	NA	1	0.3265	0.1636	0.3193	0.1909	0
16	NA	1	0.3318	0.2638	0.1593	0.2451	0
16	NA	1	0.2693	0.2232	0.1793	0.3285	0
16	NA	1	0.3059	0.1675	0.3228	0.204	0
16	NA	1	0.2971	0.2979	0.1646	0.2405	0
16	NA	1	0.2437	0.2773	0.1541	0.3248	0
16	NA	1	0.2983	0.1886	0.3268	0.1867	0
16	NA	1	0.3093	0.3144	0.1381	0.2384	0
16	NA	1	0.2475	0.2495	0.2171	0.2858	0
16	NA	1	0.3384	0.128	0.3676	0.1663	0
16	NA	1	0.2263	0.3019	0.1716	0.3001	0
16	NA	1	0.2411	0.2865	0.1567	0.3158	0
16	NA	2	0.5052	0.1115	0.2206	0.1627	0
16	NA	2	0.2953	0.2572	0.1519	0.2959	0
16	NA	2	0.2203	0.2244	0.2289	0.3264	0
16	NA	2	0.2914	0.1478	0.3585	0.2018	0
16	NA	2	0.3256	0.2675	0.1675	0.2394	0
16	NA	2	0.2168	0.2354	0.209	0.3388	0
16	NA	2	0.2585	0.1574	0.3646	0.2193	0
16	NA	2	0.3116	0.2863	0.1577	0.2443	0
16	NA	2	0.2555	0.2459	0.1573	0.3413	0
16	NA	2	0.2949	0.1505	0.3406	0.2139	0
16	NA	2	0.3105	0.2749	0.144	0.2707	0
16	NA	2	0.2351	0.2575	0.1944	0.3131	0
16	NA	2	0.2701	0.1548	0.3695	0.2057	0
16	NA	2	0.3391	0.2708	0.1583	0.2315	0
16	NA	2	0.2028	0.2474	0.1835	0.3665	0
16	NA	2	0.2645	0.187	0.3433	0.2052	0
15	NA	0	0.4815	0.1918	0.08964	0.2375	0
15	NA	0	0.2715	0.2526	0.1524	0.3235	0
15	NA	0	0.3134	0.1247	0.3508	0.2111	0
15	NA	0	0.3474	0.2488	0.1592	0.2446	0
15	NA	0	0.2518	0.2476	0.1957	0.305	0
15	NA	0	0.2841	0.1509	0.3489	0.2162	0
15	NA	0	0.3155	0.2833	0.158	0.2433	0
15	NA	0	0.2169	0.268	0.1794	0.3358	0
15	NA	0	0.2695	0.1413	0.3581	0.2311	0
15	NA	0	0.3244	0.2625	0.1492	0.2639	0
15	NA	0	0.2311	0.2703	0.165	0.3334	0
15	NA	0	0.3175	0.1544	0.3143	0.2139	0
15	NA	0	0.3555	0.2395	0.1475	0.2577	0
15	NA	0	0.2635	0.2417	0.2044	0.2906	0
15	NA	0	0.3477	0.1169	0.3296	0.2058	0
15	NA	0	0.2885	0.2534	0.1408	0.3173	0
15	NA	0	0.222	0.2498	0.1904	0.3377	0
15	NA	1	0.4285	0.1745	0.1235	0.2734	0
15	NA	1	0.3002	0.1614	0.3188	0.2195	0
15	NA	1	0.3398	0.2402	0.1687	0.2512	0
15	NA	1	0.2521	0.227	0.1918	0.3293	0
15	NA	1	0.3025	0.1621	0.3292	0.2062	0
15	NA	1	0.3185	0.2583	0.1723	0.2509	0
15	NA	1	0.2399	0.2489	0.204	0.3071	0
15	NA	1	0.2919	0.1493	0.3349	0.2239	0
15	NA	1	0.3075	0.2711	0.1593	0.2621	0
15	NA	1	0.2464	0.2589	0.1657	0.3293	0
15	NA	1	0.2855	0.1525	0.3216	0.2405	0
15	NA	1	0.3258	0.2459	0.135	0.2931	0
15	NA	1	0.243	0.2505	0.1974	0.3093	0
15	NA	1	0.2956	0.1391	0.3597	0.2053	0
15	NA	1	0.3599	0.2526	0.1456	0.2418	0
15	NA	1	0.2226	0.244	0.2009	0.3325	0
15	NA	1	0.2805	0.1661	0.3533	0.2001	0
15	NA	2	0.5278	0.09992	0.2175	0.1549	0
15	NA	2	0.341	0.2137	0.1411	0.3043	0
15	NA	2	0.2501	0.2217	0.2231	0.3051	0
15	NA	2	0.2719	0.1462	0.3546	0.2274	0
15	NA	2	0.3313	0.2645	0.1488	0.2556	0
15	NA	2	0.2826	0.218	0.2084	0.2913	0
15	NA	2	0.2845	0.1507	0.3492	0.2155	0
15	NA	2	0.3148	0.2706	0.1342	0.2804	0
15	NA	2	0.2303	0.2681	0.1707	0.3307	0
15	NA	2	0.2822	0.1531	0.3511	0.2135	0
15	NA	2	0.2921	0.2903	0.1515	0.2663	0
14	NA	2	0.2293	0.2555	0.1564	0.3585	0
14	NA	2	0.3095	0.1622	0.3134	0.2151	0
14	NA	2	0.3449	0.2578	0.155	0.242	0
14	NA	2	0.3079	0.2175	0.1841	0.2905	0
14	NA	2	0.2385	0.148	0.3421	0.2715	0
14	NA	2	0.2544	0.2748	0.194	0.2765	0
14	NA	0	0.4846	0.1742	0.09277	0.2482	0
14	NA	0	0.2694	0.2477	0.1553	0.3276	0
14	NA	0	0.3217	0.1301	0.3514	0.1968	0
14	NA	0	0.3522	0.2283	0.1467	0.2728	0
14	NA	0	0.2605	0.2302	0.1846	0.3247	0
14	NA	0	0.2913	0.1487	0.3485	0.2115	0
14	NA	0	0.3265	0.2564	0.1541	0.2631	0
14	NA	0	0.2469	0.2354	0.1912	0.3265	0
14	NA	0	0.2858	0.1453	0.3556	0.2133	0
14	NA	0	0.34	0.2595	0.1413	0.2593	0
14	NA	0	0.2434	0.2526	0.1702	0.3337	0
14	NA	0	0.3166	0.1385	0.319	0.2256	0
14	NA	0	0.336	0.2442	0.1326	0.2873	0
14	NA	0	0.2555	0.2338	0.1973	0.3134	0
14	NA	0	0.308	0.1334	0.3702	0.1884	0
14	NA	0	0.3848	0.2356	0.1429	0.2365	0
14	NA	0	0.2244	0.2443	0.1893	0.3424	0
14	NA	0	0.2922	0.156	0.3483	0.2034	0
14	NA	1	0.4173	0.1816	0.1101	0.291	0
14	NA	1	0.3164	0.1408	0.3183	0.2247	0
14	NA	1	0.3436	0.2233	0.1641	0.269	0
14	NA	1	0.2538	0.2298	0.1966	0.3197	0
14	NA	1	0.3043	0.1744	0.3149	0.2065	0
14	NA	1	0.316	0.252	0.1793	0.2525	0
14	NA	1	0.2607	0.2293	0.211	0.299	0
14	NA	1	0.3019	0.1593	0.3252	0.2138	0
14	NA	1	0.3133	0.2586	0.1506	0.2776	0
14	NA	1	0.2491	0.234	0.1869	0.3301	0
14	NA	1	0.2858	0.1524	0.3448	0.2167	0
14	NA	1	0.3308	0.2668	0.1446	0.258	0
14	NA	1	0.2342	0.2714	0.1461	0.3482	0
14	NA	1	0.322	0.1553	0.3167	0.206	0
14	NA	1	0.3806	0.226	0.1485	0.2451	0
14	NA	1	0.3114	0.2129	0.1955	0.2805	0
14	NA	1	0.2354	0.1645	0.3345	0.2656	0
14	NA	1	0.2775	0.2558	0.1661	0.3005	0
