AA	Codon	tRNA	tAI	Microarray	RNA.seq	A	P	E
K	AAA	7	0.431034	222273	82386	0.9464	0.8543	0.9049
N	AAC	10	0.615764	378101	110849	0.7997	0.7648	0.834
K	AAG	14	1	397111	83036	0.9166	0.9201	0.8976
N	AAT	6.4	0.27032	241984.64	70943.36	0.8138	0.8111	0.8026
T	ACA	4	0.246373	105862	47598	0.9395	1.1865	0.9203
T	ACC	7.04	0.487685	244374.4	36396.16	0.6928	0.9074	0.9519
T	ACG	1	0.140394	113104	16861	0.942	1.6545	1.0763
T	ACT	11	0.67734	381835	56869	0.7743	1.0306	0.9708
R	AGA	11	0.67734	683001	98864	0.9177	1.0555	1.0449
Z	AGC	2	0.123153	249948	61334	1.1535	0.8808	0.9836
R	AGG	1	0.278325	106890	12911	1.2807	1.1952	1.1349
Z	AGT	1.28	0.054064	159966.72	39253.76	1.0539	0.9413	0.9005
I	ATA	2	0.123233	54352	39556	1.0285	1.3586	0.8963
I	ATC	8.32	0.576355	586391.04	67769.6	0.7485	0.9072	0.8525
M	ATG	10	0.615764	266917	67121	0.9289	1.1726	0.8591
I	ATT	13	0.800493	916236	105890	0.7708	0.9722	0.8766
Q	CAA	9	0.554187	436225	89917	0.8611	0.722	0.8371
H	CAC	7	0.431034	727396	81702	0.928	0.9314	1.009
Q	CAG	1	0.238916	89093	9990.777778	1.2357	1.013	1.0296
H	CAT	4.48	0.189224	465533.44	52289.28	0.847	0.9541	0.8849
P	CCA	10	0.615776	286531	112091	1.016	1.1453	1.1795
P	CCC	1.28	0.08867	36940.8	11043.84	1.3697	1.2385	1.5202
P	CCG	6.4	0.197044	183379.84	71738.24	1.4998	1.3702	1.5689
P	CCT	2	0.123153	57720	17256	1.1826	1.3279	1.421
R	CGA	3.66	3.7e-05	261137.95	36380.4	2.1797	2.3265	2.1358
R	CGC	3.84	0.26601	273980.8	38169.6	1.2803	1.089	1.1755
R	CGG	1	0.061576	60792	15330	2.4138	1.806	1.5679
R	CGT	6	0.369458	428095	59640	1.0321	0.964	1.1165
L	CTA	3	0.184729	94608	63675	0.9498	1.1885	0.9634
L	CTC	1	0.061576	63503	13613	1.0504	1.1727	1.2163
L	CTG	1.92	0.059113	60549.12	40752	1.1372	1.4495	1.2374
L	CTT	0.64	0.027032	40641.92	8712.32	0.9739	0.9003	1.1857
E	GAA	14	0.862069	1618235	121285	1.1461	0.8532	1.068
D	GAC	16	0.985222	1789916	105539	1.1949	0.9943	1.2421
E	GAG	2	0.399015	393379	8663.214286	1.4393	1.0702	1.1299
D	GAT	10.24	0.432512	1145546.24	67544.96	1.225	1.0666	1.1868
A	GCA	5	0.30795	384682	26087	1.2069	1.1836	1.0374
A	GCC	7.04	0.487685	136141.44	41927.04	0.9865	0.9619	1.2104
A	GCG	3.2	0.098522	246196.48	16695.68	1.4158	1.1554	1.2304
A	GCT	11	0.67734	212721	65511	1.0594	0.9906	1.0316
G	GGA	3	0.184729	287325	61092	1.2495	1.2763	1.0814
G	GGC	16	0.985222	826342	70286	1.237	1.0633	1.1771
G	GGG	2	0.182266	129338	21404	1.3671	1.2861	1.1186
G	GGT	10.24	0.432512	528858.88	44983.04	1.066	1.121	1.134
V	GTA	2	0.123239	145923	33845	1.1297	1.2471	1.0857
V	GTC	8.96	0.62069	515950.72	56675.84	0.9556	0.7821	1.0232
V	GTG	2	0.162562	118162	44651	1.2669	1.2881	1.1649
V	GTT	14	0.862069	806173	88556	0.982	0.8826	0.9352
Y	TAC	8	0.492611	343867	91388	0.9909	0.8046	0.9867
Y	TAT	5.12	0.216256	220074.88	58488.32	0.9152	0.7666	0.9322
S	TCA	3	0.184797	86913	58804	0.8233	0.8725	0.8744
S	TCC	7.04	0.487685	507436.8	58654.72	0.8152	0.8315	0.9332
S	TCG	1	0.12069	34793	49376	1.09	1.1999	1.0158
S	TCT	11	0.67734	792870	91648	0.824	0.9096	0.92
C	TGC	4	0.246305	106137	84453	1.4314	1.0597	0.9648
W	TGG	6	0.369458	298500	60236	1.5673	1.1706	1.2421
C	TGT	2.56	0.108128	67927.68	54049.92	0.9756	0.8482	0.8556
L	TTA	7	0.431034	271592	49562	0.8325	0.8809	0.8187
F	TTC	10	0.615764	104391	81287	0.8307	0.8536	0.8935
L	TTG	10	0.753695	709768	96605	0.825	1.1753	0.908
F	TTT	6.4	0.27032	66810.24	52023.68	0.871	0.9284	0.8541
