Position	Mean	SD	End	BG	DataType
1	0.8705	0.3352	5	BG	mRNA
2	0.8758	0.3476	5	BG	mRNA
3	0.8783	0.3574	5	BG	mRNA
4	0.8818	0.3682	5	BG	mRNA
5	0.8812	0.3738	5	BG	mRNA
6	0.8841	0.3892	5	BG	mRNA
7	0.8884	0.4060	5	BG	mRNA
8	0.8904	0.4107	5	BG	mRNA
9	0.8926	0.4230	5	BG	mRNA
10	0.8954	0.4364	5	BG	mRNA
11	0.8941	0.4361	5	BG	mRNA
12	0.8969	0.4455	5	BG	mRNA
13	0.8992	0.4527	5	BG	mRNA
14	0.8974	0.4482	5	BG	mRNA
15	0.8981	0.4509	5	BG	mRNA
16	0.8962	0.4434	5	BG	mRNA
17	0.8668	0.3482	5	BG	mRNA
18	0.8529	0.3020	5	BG	mRNA
19	0.8497	0.2937	5	BG	mRNA
20	0.8440	0.2773	5	BG	mRNA
21	0.8458	0.2856	5	BG	mRNA
22	0.8500	0.2981	5	BG	mRNA
23	0.8464	0.2877	5	BG	mRNA
24	0.8482	0.2953	5	BG	mRNA
25	0.8508	0.3070	5	BG	mRNA
26	0.8443	0.2927	5	BG	mRNA
27	0.8447	0.2982	5	BG	mRNA
28	0.8492	0.3104	5	BG	mRNA
29	0.8429	0.2970	5	BG	mRNA
30	0.8445	0.3030	5	BG	mRNA
31	0.8488	0.3161	5	BG	mRNA
32	0.8449	0.3020	5	BG	mRNA
33	0.8479	0.3083	5	BG	mRNA
34	0.8521	0.3227	5	BG	mRNA
35	0.8472	0.3111	5	BG	mRNA
36	0.8497	0.3201	5	BG	mRNA
37	0.8541	0.3347	5	BG	mRNA
38	0.8506	0.3234	5	BG	mRNA
39	0.8532	0.3317	5	BG	mRNA
40	0.8583	0.3486	5	BG	mRNA
41	0.8539	0.3380	5	BG	mRNA
42	0.8559	0.3457	5	BG	mRNA
43	0.8602	0.3618	5	BG	mRNA
44	0.8558	0.3494	5	BG	mRNA
45	0.8578	0.3579	5	BG	mRNA
46	0.8618	0.3741	5	BG	mRNA
47	0.8569	0.3589	5	BG	mRNA
48	0.8589	0.3664	5	BG	mRNA
49	0.8634	0.3822	5	BG	mRNA
50	0.8596	0.3668	5	BG	mRNA
51	0.8612	0.3740	5	BG	mRNA
52	0.8678	0.3897	5	BG	mRNA
53	0.8639	0.3748	5	BG	mRNA
54	0.8669	0.3819	5	BG	mRNA
55	0.8720	0.3992	5	BG	mRNA
56	0.8677	0.3841	5	BG	mRNA
57	0.8705	0.3900	5	BG	mRNA
58	0.8758	0.4053	5	BG	mRNA
59	0.8712	0.3893	5	BG	mRNA
60	0.8732	0.3982	5	BG	mRNA
61	0.8779	0.4140	5	BG	mRNA
62	0.8721	0.3977	5	BG	mRNA
63	0.8740	0.4044	5	BG	mRNA
64	0.8798	0.4204	5	BG	mRNA
65	0.8745	0.4016	5	BG	mRNA
66	0.8773	0.4079	5	BG	mRNA
67	0.8825	0.4233	5	BG	mRNA
68	0.8772	0.4040	5	BG	mRNA
69	0.8784	0.4096	5	BG	mRNA
70	0.8840	0.4258	5	BG	mRNA
71	0.8786	0.4070	5	BG	mRNA
72	0.8806	0.4132	5	BG	mRNA
73	0.8853	0.4275	5	BG	mRNA
74	0.8795	0.4065	5	BG	mRNA
75	0.8812	0.4111	5	BG	mRNA
76	0.8868	0.4266	5	BG	mRNA
77	0.8810	0.4074	5	BG	mRNA
78	0.8831	0.4138	5	BG	mRNA
79	0.8877	0.4303	5	BG	mRNA
80	0.8815	0.4102	5	BG	mRNA
81	0.8837	0.4162	5	BG	mRNA
82	0.8900	0.4306	5	BG	mRNA
83	0.8851	0.4096	5	BG	mRNA
84	0.8873	0.4150	5	BG	mRNA
85	0.8905	0.4298	5	BG	mRNA
86	0.8844	0.4081	5	BG	mRNA
87	0.8861	0.4124	5	BG	mRNA
88	0.8902	0.4270	5	BG	mRNA
89	0.8850	0.4057	5	BG	mRNA
90	0.8885	0.4103	5	BG	mRNA
91	0.8917	0.4252	5	BG	mRNA
92	0.8859	0.4039	5	BG	mRNA
93	0.8880	0.4081	5	BG	mRNA
94	0.8918	0.4211	5	BG	mRNA
95	0.8861	0.4001	5	BG	mRNA
96	0.8878	0.4050	5	BG	mRNA
97	0.8935	0.4190	5	BG	mRNA
98	0.8863	0.3966	5	BG	mRNA
99	0.8874	0.3986	5	BG	mRNA
100	0.8919	0.4121	5	BG	mRNA
101	0.8857	0.3898	5	BG	mRNA
102	0.8874	0.3947	5	BG	mRNA
103	0.893	0.408	5	BG	mRNA
104	0.8876	0.3861	5	BG	mRNA
105	0.8885	0.3891	5	BG	mRNA
106	0.8930	0.4016	5	BG	mRNA
107	0.8862	0.3784	5	BG	mRNA
108	0.8874	0.3810	5	BG	mRNA
109	0.8915	0.3927	5	BG	mRNA
110	0.8848	0.3703	5	BG	mRNA
111	0.8859	0.3739	5	BG	mRNA
112	0.8891	0.3858	5	BG	mRNA
113	0.8826	0.3630	5	BG	mRNA
114	0.8834	0.3657	5	BG	mRNA
115	0.8881	0.3786	5	BG	mRNA
116	0.8819	0.3584	5	BG	mRNA
117	0.8827	0.3608	5	BG	mRNA
118	0.8872	0.3729	5	BG	mRNA
119	0.8804	0.3518	5	BG	mRNA
120	0.8813	0.3536	5	BG	mRNA
121	0.8848	0.3656	5	BG	mRNA
122	0.8777	0.3414	5	BG	mRNA
123	0.8788	0.3425	5	BG	mRNA
124	0.8823	0.3539	5	BG	mRNA
125	0.8765	0.3315	5	BG	mRNA
126	0.8779	0.3336	5	BG	mRNA
127	0.8806	0.3430	5	BG	mRNA
128	0.8743	0.3205	5	BG	mRNA
129	0.8752	0.3227	5	BG	mRNA
130	0.8795	0.3343	5	BG	mRNA
131	0.8741	0.3131	5	BG	mRNA
132	0.8751	0.3149	5	BG	mRNA
133	0.8777	0.3251	5	BG	mRNA
134	0.8719	0.3039	5	BG	mRNA
135	0.8732	0.3050	5	BG	mRNA
136	0.8766	0.3154	5	BG	mRNA
137	0.8709	0.2943	5	BG	mRNA
138	0.8713	0.2946	5	BG	mRNA
139	0.8746	0.3035	5	BG	mRNA
140	0.8674	0.2828	5	BG	mRNA
141	0.8688	0.2845	5	BG	mRNA
142	0.8718	0.2938	5	BG	mRNA
143	0.8666	0.2746	5	BG	mRNA
144	0.8665	0.2747	5	BG	mRNA
145	0.8698	0.2851	5	BG	mRNA
146	0.8643	0.2651	5	BG	mRNA
147	0.8656	0.2666	5	BG	mRNA
148	0.8678	0.2741	5	BG	mRNA
149	0.8622	0.2541	5	BG	mRNA
150	0.8630	0.2558	5	BG	mRNA
151	0.8657	0.2645	5	BG	mRNA
152	0.8601	0.2463	5	BG	mRNA
153	0.8605	0.2480	5	BG	mRNA
154	0.8635	0.2582	5	BG	mRNA
155	0.8585	0.2407	5	BG	mRNA
156	0.8592	0.2419	5	BG	mRNA
157	0.8622	0.2510	5	BG	mRNA
158	0.8565	0.2345	5	BG	mRNA
159	0.8573	0.2357	5	BG	mRNA
160	0.8595	0.2446	5	BG	mRNA
161	0.8542	0.2272	5	BG	mRNA
162	0.8551	0.2289	5	BG	mRNA
163	0.8573	0.2384	5	BG	mRNA
164	0.8520	0.2216	5	BG	mRNA
165	0.8530	0.2251	5	BG	mRNA
166	0.8556	0.2330	5	BG	mRNA
167	0.8507	0.2168	5	BG	mRNA
168	0.8517	0.2180	5	BG	mRNA
169	0.8545	0.2267	5	BG	mRNA
170	0.8498	0.2105	5	BG	mRNA
171	0.8502	0.2120	5	BG	mRNA
172	0.8521	0.2200	5	BG	mRNA
173	0.8465	0.2044	5	BG	mRNA
174	0.8473	0.2056	5	BG	mRNA
175	0.8496	0.2128	5	BG	mRNA
176	0.8457	0.1993	5	BG	mRNA
177	0.8469	0.2004	5	BG	mRNA
178	0.8480	0.2058	5	BG	mRNA
179	0.8433	0.1909	5	BG	mRNA
180	0.8435	0.1914	5	BG	mRNA
181	0.8472	0.1995	5	BG	mRNA
182	0.8428	0.1845	5	BG	mRNA
183	0.8436	0.1860	5	BG	mRNA
184	0.8468	0.1932	5	BG	mRNA
185	0.8426	0.1781	5	BG	mRNA
186	0.8438	0.1795	5	BG	mRNA
187	0.8468	0.1863	5	BG	mRNA
188	0.8418	0.1720	5	BG	mRNA
189	0.8420	0.1723	5	BG	mRNA
190	0.8452	0.1796	5	BG	mRNA
191	0.8414	0.1674	5	BG	mRNA
192	0.8428	0.1682	5	BG	mRNA
193	0.8462	0.1748	5	BG	mRNA
194	0.8416	0.1614	5	BG	mRNA
195	0.8426	0.1623	5	BG	mRNA
196	0.8452	0.1690	5	BG	mRNA
197	0.8405	0.1570	5	BG	mRNA
198	0.8418	0.1579	5	BG	mRNA
199	0.8446	0.1656	5	BG	mRNA
200	0.8408	0.1544	5	BG	mRNA
201	0.8418	0.1559	5	BG	mRNA
202	0.8435	0.1625	5	BG	mRNA
203	0.8395	0.1518	5	BG	mRNA
204	0.8400	0.1541	5	BG	mRNA
205	0.8416	0.1603	5	BG	mRNA
206	0.8377	0.1500	5	BG	mRNA
207	0.8387	0.1518	5	BG	mRNA
208	0.8404	0.1576	5	BG	mRNA
209	0.8355	0.1475	5	BG	mRNA
210	0.8368	0.1493	5	BG	mRNA
211	0.8389	0.1566	5	BG	mRNA
212	0.8353	0.1467	5	BG	mRNA
213	0.8362	0.1484	5	BG	mRNA
214	0.8376	0.1534	5	BG	mRNA
215	0.8337	0.1440	5	BG	mRNA
216	0.8347	0.1450	5	BG	mRNA
217	0.8371	0.1504	5	BG	mRNA
218	0.8340	0.1415	5	BG	mRNA
219	0.8351	0.1444	5	BG	mRNA
220	0.8374	0.1504	5	BG	mRNA
221	0.8340	0.1405	5	BG	mRNA
222	0.8352	0.1421	5	BG	mRNA
223	0.8369	0.1479	5	BG	mRNA
224	0.8328	0.1380	5	BG	mRNA
225	0.8336	0.1398	5	BG	mRNA
226	0.8356	0.1451	5	BG	mRNA
227	0.8317	0.1363	5	BG	mRNA
228	0.8332	0.1381	5	BG	mRNA
229	0.8352	0.1442	5	BG	mRNA
230	0.8314	0.1347	5	BG	mRNA
231	0.8327	0.1360	5	BG	mRNA
232	0.8349	0.1419	5	BG	mRNA
233	0.8310	0.1335	5	BG	mRNA
234	0.8312	0.1361	5	BG	mRNA
235	0.834	0.142	5	BG	mRNA
236	0.8292	0.1335	5	BG	mRNA
237	0.8300	0.1353	5	BG	mRNA
238	0.8324	0.1406	5	BG	mRNA
239	0.8288	0.1317	5	BG	mRNA
240	0.8299	0.1330	5	BG	mRNA
241	0.8317	0.1375	5	BG	mRNA
242	0.8286	0.1292	5	BG	mRNA
243	0.8290	0.1306	5	BG	mRNA
244	0.8319	0.1371	5	BG	mRNA
245	0.8286	0.1295	5	BG	mRNA
246	0.8282	0.1301	5	BG	mRNA
247	0.8306	0.1356	5	BG	mRNA
248	0.8269	0.1272	5	BG	mRNA
249	0.8284	0.1289	5	BG	mRNA
250	0.8309	0.1345	5	BG	mRNA
251	0.8282	0.1276	5	BG	mRNA
252	0.8293	0.1291	5	BG	mRNA
253	0.8321	0.1357	5	BG	mRNA
254	0.8288	0.1274	5	BG	mRNA
255	0.8306	0.1285	5	BG	mRNA
256	0.8329	0.1345	5	BG	mRNA
257	0.8296	0.1262	5	BG	mRNA
258	0.8315	0.1283	5	BG	mRNA
259	0.8340	0.1339	5	BG	mRNA
260	0.8306	0.1258	5	BG	mRNA
261	0.8317	0.1276	5	BG	mRNA
262	0.8344	0.1333	5	BG	mRNA
263	0.8322	0.1258	5	BG	mRNA
264	0.8331	0.1279	5	BG	mRNA
265	0.8361	0.1339	5	BG	mRNA
266	0.8321	0.1260	5	BG	mRNA
267	0.8330	0.1269	5	BG	mRNA
268	0.8351	0.1326	5	BG	mRNA
269	0.8321	0.1248	5	BG	mRNA
270	0.8340	0.1265	5	BG	mRNA
271	0.8365	0.1326	5	BG	mRNA
272	0.8334	0.1249	5	BG	mRNA
273	0.8345	0.1263	5	BG	mRNA
274	0.8372	0.1311	5	BG	mRNA
275	0.8339	0.1237	5	BG	mRNA
276	0.8351	0.1248	5	BG	mRNA
277	0.8374	0.1297	5	BG	mRNA
278	0.8348	0.1217	5	BG	mRNA
279	0.8353	0.1227	5	BG	mRNA
280	0.8390	0.1279	5	BG	mRNA
281	0.8360	0.1199	5	BG	mRNA
282	0.8374	0.1217	5	BG	mRNA
283	0.8391	0.1272	5	BG	mRNA
284	0.8355	0.1202	5	BG	mRNA
285	0.8366	0.1208	5	BG	mRNA
286	0.8395	0.1257	5	BG	mRNA
287	0.8370	0.1173	5	BG	mRNA
288	0.8381	0.1188	5	BG	mRNA
289	0.8406	0.1237	5	BG	mRNA
290	0.8373	0.1160	5	BG	mRNA
291	0.8379	0.1180	5	BG	mRNA
292	0.8402	0.1231	5	BG	mRNA
293	0.8367	0.1156	5	BG	mRNA
294	0.8391	0.1185	5	BG	mRNA
295	0.8416	0.1237	5	BG	mRNA
296	0.8389	0.1166	5	BG	mRNA
297	0.8406	0.1183	5	BG	mRNA
298	0.8437	0.1236	5	BG	mRNA
299	0.8407	0.1165	5	BG	mRNA
300	0.8414	0.1177	5	BG	mRNA
301	0.8440	0.1231	5	BG	mRNA
302	0.8417	0.1169	5	BG	mRNA
303	0.8428	0.1184	5	BG	mRNA
304	0.8456	0.1240	5	BG	mRNA
305	0.8428	0.1163	5	BG	mRNA
306	0.8448	0.1180	5	BG	mRNA
307	0.8462	0.1234	5	BG	mRNA
308	0.8423	0.1159	5	BG	mRNA
309	0.8441	0.1169	5	BG	mRNA
310	0.8467	0.1222	5	BG	mRNA
311	0.8433	0.1144	5	BG	mRNA
312	0.8432	0.1163	5	BG	mRNA
313	0.8461	0.1209	5	BG	mRNA
314	0.8432	0.1134	5	BG	mRNA
315	0.8443	0.1154	5	BG	mRNA
316	0.8477	0.1207	5	BG	mRNA
317	0.8444	0.1132	5	BG	mRNA
318	0.8446	0.1152	5	BG	mRNA
319	0.8474	0.1200	5	BG	mRNA
320	0.8446	0.1136	5	BG	mRNA
321	0.8461	0.1157	5	BG	mRNA
322	0.8479	0.1216	5	BG	mRNA
323	0.8448	0.1139	5	BG	mRNA
324	0.8455	0.1149	5	BG	mRNA
325	0.8471	0.1202	5	BG	mRNA
326	0.8436	0.1126	5	BG	mRNA
327	0.8449	0.1142	5	BG	mRNA
328	0.8475	0.1198	5	BG	mRNA
329	0.8441	0.1129	5	BG	mRNA
330	0.8446	0.1145	5	BG	mRNA
331	0.8468	0.1186	5	BG	mRNA
332	0.8441	0.1118	5	BG	mRNA
333	0.8451	0.1132	5	BG	mRNA
334	0.8474	0.1184	5	BG	mRNA
335	0.8446	0.1120	5	BG	mRNA
336	0.8457	0.1137	5	BG	mRNA
337	0.8480	0.1185	5	BG	mRNA
338	0.8450	0.1112	5	BG	mRNA
339	0.8461	0.1126	5	BG	mRNA
340	0.8468	0.1176	5	BG	mRNA
341	0.8440	0.1108	5	BG	mRNA
342	0.845	0.112	5	BG	mRNA
343	0.8471	0.1170	5	BG	mRNA
344	0.8434	0.1109	5	BG	mRNA
345	0.8442	0.1116	5	BG	mRNA
346	0.8474	0.1158	5	BG	mRNA
347	0.8451	0.1092	5	BG	mRNA
348	0.8464	0.1101	5	BG	mRNA
349	0.8495	0.1151	5	BG	mRNA
350	0.8462	0.1076	5	BG	mRNA
351	0.8479	0.1081	5	BG	mRNA
352	0.8497	0.1129	5	BG	mRNA
353	0.8464	0.1069	5	BG	mRNA
354	0.8472	0.1082	5	BG	mRNA
355	0.8489	0.1128	5	BG	mRNA
356	0.8462	0.1068	5	BG	mRNA
357	0.8474	0.1079	5	BG	mRNA
358	0.8496	0.1123	5	BG	mRNA
359	0.8464	0.1059	5	BG	mRNA
360	0.8468	0.1068	5	BG	mRNA
361	0.8491	0.1109	5	BG	mRNA
362	0.8453	0.1058	5	BG	mRNA
363	0.8460	0.1069	5	BG	mRNA
364	0.8479	0.1110	5	BG	mRNA
365	0.8448	0.1053	5	BG	mRNA
366	0.8459	0.1058	5	BG	mRNA
367	0.8481	0.1101	5	BG	mRNA
368	0.8455	0.1040	5	BG	mRNA
369	0.846	0.105	5	BG	mRNA
370	0.8482	0.1085	5	BG	mRNA
371	0.8456	0.1033	5	BG	mRNA
372	0.8471	0.1050	5	BG	mRNA
373	0.8494	0.1086	5	BG	mRNA
374	0.8468	0.1028	5	BG	mRNA
375	0.8477	0.1037	5	BG	mRNA
376	0.8494	0.1079	5	BG	mRNA
377	0.8459	0.1021	5	BG	mRNA
378	0.8472	0.1024	5	BG	mRNA
379	0.8502	0.1073	5	BG	mRNA
380	0.8475	0.1012	5	BG	mRNA
381	0.8491	0.1015	5	BG	mRNA
382	0.8505	0.1057	5	BG	mRNA
383	0.8475	0.1000	5	BG	mRNA
384	0.8486	0.1009	5	BG	mRNA
385	0.8513	0.1051	5	BG	mRNA
386	0.8480	0.0993	5	BG	mRNA
387	0.8484	0.1006	5	BG	mRNA
388	0.8511	0.1049	5	BG	mRNA
389	0.8485	0.1000	5	BG	mRNA
390	0.8495	0.1003	5	BG	mRNA
391	0.8485	0.1044	5	BG	mRNA
392	0.8455	0.0987	5	BG	mRNA
393	0.8469	0.0998	5	BG	mRNA
394	0.8492	0.1040	5	BG	mRNA
395	0.8456	0.0985	5	BG	mRNA
396	0.8468	0.0997	5	BG	mRNA
397	0.8488	0.1040	5	BG	mRNA
398	0.8454	0.0991	5	BG	mRNA
399	0.8461	0.1004	5	BG	mRNA
400	0.8483	0.1042	5	BG	mRNA
401	0.8449	0.0991	5	BG	mRNA
402	0.8462	0.1006	5	BG	mRNA
403	0.849	0.105	5	BG	mRNA
404	0.8463	0.0989	5	BG	mRNA
405	0.8467	0.1000	5	BG	mRNA
406	0.8498	0.1049	5	BG	mRNA
407	0.8468	0.0990	5	BG	mRNA
408	0.848	0.101	5	BG	mRNA
409	0.8495	0.1056	5	BG	mRNA
410	0.8465	0.1000	5	BG	mRNA
411	0.8481	0.1007	5	BG	mRNA
412	0.8504	0.1053	5	BG	mRNA
413	0.8467	0.0997	5	BG	mRNA
414	0.8470	0.1011	5	BG	mRNA
415	0.8492	0.1062	5	BG	mRNA
416	0.8470	0.1004	5	BG	mRNA
417	0.8482	0.1014	5	BG	mRNA
418	0.8503	0.1049	5	BG	mRNA
419	0.8473	0.1000	5	BG	mRNA
420	0.8481	0.1010	5	BG	mRNA
421	0.8500	0.1053	5	BG	mRNA
422	0.8468	0.1007	5	BG	mRNA
423	0.8480	0.1018	5	BG	mRNA
424	0.8503	0.1065	5	BG	mRNA
425	0.8472	0.1002	5	BG	mRNA
426	0.8480	0.1019	5	BG	mRNA
427	0.8510	0.1058	5	BG	mRNA
428	0.8488	0.1003	5	BG	mRNA
429	0.8499	0.1016	5	BG	mRNA
430	0.8518	0.1059	5	BG	mRNA
431	0.8485	0.0999	5	BG	mRNA
432	0.8493	0.1011	5	BG	mRNA
433	0.8518	0.1060	5	BG	mRNA
434	0.8497	0.1000	5	BG	mRNA
435	0.8512	0.1011	5	BG	mRNA
436	0.8529	0.1060	5	BG	mRNA
437	0.8504	0.1001	5	BG	mRNA
438	0.8520	0.1013	5	BG	mRNA
439	0.8534	0.1056	5	BG	mRNA
440	0.8503	0.0986	5	BG	mRNA
441	0.8514	0.1001	5	BG	mRNA
442	0.8531	0.1046	5	BG	mRNA
443	0.8504	0.0981	5	BG	mRNA
444	0.8521	0.0991	5	BG	mRNA
445	0.8556	0.1037	5	BG	mRNA
446	0.8526	0.0984	5	BG	mRNA
447	0.8535	0.0998	5	BG	mRNA
448	0.8558	0.1044	5	BG	mRNA
449	0.8524	0.0977	5	BG	mRNA
450	0.8530	0.0988	5	BG	mRNA
451	0.8552	0.1028	5	BG	mRNA
452	0.8528	0.0971	5	BG	mRNA
453	0.8541	0.0989	5	BG	mRNA
454	0.8556	0.1038	5	BG	mRNA
455	0.8523	0.0980	5	BG	mRNA
456	0.8529	0.0987	5	BG	mRNA
457	0.8548	0.1031	5	BG	mRNA
458	0.8509	0.0974	5	BG	mRNA
459	0.8519	0.0991	5	BG	mRNA
460	0.8541	0.1034	5	BG	mRNA
461	0.8512	0.0976	5	BG	mRNA
462	0.8527	0.0989	5	BG	mRNA
463	0.8551	0.1039	5	BG	mRNA
464	0.8516	0.0979	5	BG	mRNA
465	0.8535	0.0990	5	BG	mRNA
466	0.8558	0.1029	5	BG	mRNA
467	0.8528	0.0975	5	BG	mRNA
468	0.8536	0.0988	5	BG	mRNA
469	0.8552	0.1030	5	BG	mRNA
470	0.8529	0.0971	5	BG	mRNA
471	0.8550	0.0981	5	BG	mRNA
472	0.8575	0.1027	5	BG	mRNA
473	0.8535	0.0972	5	BG	mRNA
474	0.8542	0.0983	5	BG	mRNA
475	0.8572	0.1034	5	BG	mRNA
476	0.8549	0.0981	5	BG	mRNA
477	0.8560	0.0989	5	BG	mRNA
478	0.8582	0.1030	5	BG	mRNA
479	0.8559	0.0981	5	BG	mRNA
480	0.8563	0.0989	5	BG	mRNA
481	0.859	0.104	5	BG	mRNA
482	0.8566	0.0980	5	BG	mRNA
483	0.8580	0.0995	5	BG	mRNA
484	0.8607	0.1038	5	BG	mRNA
485	0.8580	0.0984	5	BG	mRNA
486	0.8596	0.0998	5	BG	mRNA
487	0.8621	0.1039	5	BG	mRNA
488	0.8592	0.0983	5	BG	mRNA
489	0.8601	0.0994	5	BG	mRNA
490	0.8626	0.1040	5	BG	mRNA
491	0.8593	0.0988	5	BG	mRNA
492	0.8604	0.0989	5	BG	mRNA
493	0.8622	0.1018	5	BG	mRNA
494	0.8593	0.0972	5	BG	mRNA
495	0.8608	0.0978	5	BG	mRNA
496	0.8632	0.1010	5	BG	mRNA
497	0.8596	0.0964	5	BG	mRNA
498	0.8603	0.0975	5	BG	mRNA
499	0.8616	0.1014	5	BG	mRNA
500	0.8589	0.0958	5	BG	mRNA
501	0.8597	0.0969	5	BG	mRNA
502	0.8611	0.1013	5	BG	mRNA
503	0.8582	0.0953	5	BG	mRNA
504	0.8596	0.0966	5	BG	mRNA
505	0.8624	0.1009	5	BG	mRNA
506	0.8595	0.0950	5	BG	mRNA
507	0.8604	0.0955	5	BG	mRNA
508	0.8631	0.1001	5	BG	mRNA
509	0.8596	0.0939	5	BG	mRNA
510	0.8605	0.0947	5	BG	mRNA
511	0.8625	0.0984	5	BG	mRNA
512	0.8595	0.0918	5	BG	mRNA
513	0.8606	0.0923	5	BG	mRNA
514	0.8628	0.0968	5	BG	mRNA
515	0.8596	0.0909	5	BG	mRNA
516	0.8607	0.0928	5	BG	mRNA
517	0.8633	0.0965	5	BG	mRNA
518	0.8600	0.0911	5	BG	mRNA
519	0.8619	0.0932	5	BG	mRNA
520	0.8644	0.0975	5	BG	mRNA
521	0.861	0.092	5	BG	mRNA
522	0.8632	0.0930	5	BG	mRNA
523	0.8662	0.0979	5	BG	mRNA
524	0.8629	0.0917	5	BG	mRNA
525	0.8643	0.0929	5	BG	mRNA
526	0.8665	0.0966	5	BG	mRNA
527	0.8638	0.0909	5	BG	mRNA
528	0.8655	0.0911	5	BG	mRNA
529	0.8672	0.0958	5	BG	mRNA
530	0.8641	0.0904	5	BG	mRNA
531	0.8651	0.0914	5	BG	mRNA
532	0.8684	0.0967	5	BG	mRNA
533	0.8664	0.0921	5	BG	mRNA
534	0.8666	0.0930	5	BG	mRNA
535	0.8689	0.0975	5	BG	mRNA
536	0.8654	0.0906	5	BG	mRNA
537	0.8668	0.0913	5	BG	mRNA
538	0.8685	0.0970	5	BG	mRNA
539	0.8653	0.0920	5	BG	mRNA
540	0.8666	0.0931	5	BG	mRNA
541	0.8693	0.0987	5	BG	mRNA
542	0.8668	0.0932	5	BG	mRNA
543	0.8678	0.0951	5	BG	mRNA
544	0.8702	0.0995	5	BG	mRNA
545	0.8664	0.0926	5	BG	mRNA
546	0.8681	0.0937	5	BG	mRNA
547	0.8708	0.0978	5	BG	mRNA
548	0.8674	0.0924	5	BG	mRNA
549	0.8692	0.0935	5	BG	mRNA
550	0.8718	0.0978	5	BG	mRNA
551	0.8695	0.0926	5	BG	mRNA
552	0.8695	0.0935	5	BG	mRNA
553	0.8714	0.0977	5	BG	mRNA
554	0.8694	0.0929	5	BG	mRNA
555	0.8713	0.0941	5	BG	mRNA
556	0.8738	0.0986	5	BG	mRNA
557	0.8713	0.0921	5	BG	mRNA
558	0.8715	0.0923	5	BG	mRNA
559	0.8741	0.0962	5	BG	mRNA
560	0.8715	0.0900	5	BG	mRNA
561	0.8723	0.0908	5	BG	mRNA
562	0.8747	0.0946	5	BG	mRNA
563	0.8713	0.0882	5	BG	mRNA
564	0.8713	0.0891	5	BG	mRNA
565	0.8727	0.0929	5	BG	mRNA
566	0.8697	0.0871	5	BG	mRNA
567	0.8709	0.0887	5	BG	mRNA
568	0.8735	0.0925	5	BG	mRNA
569	0.8698	0.0871	5	BG	mRNA
570	0.8713	0.0874	5	BG	mRNA
571	0.8729	0.0915	5	BG	mRNA
572	0.8696	0.0859	5	BG	mRNA
573	0.8698	0.0865	5	BG	mRNA
574	0.8727	0.0914	5	BG	mRNA
575	0.8702	0.0859	5	BG	mRNA
576	0.8714	0.0869	5	BG	mRNA
577	0.8741	0.0911	5	BG	mRNA
578	0.8709	0.0854	5	BG	mRNA
579	0.8714	0.0864	5	BG	mRNA
580	0.8745	0.0898	5	BG	mRNA
581	0.8711	0.0845	5	BG	mRNA
582	0.8718	0.0852	5	BG	mRNA
583	0.8741	0.0899	5	BG	mRNA
584	0.8706	0.0845	5	BG	mRNA
585	0.8721	0.0851	5	BG	mRNA
586	0.8749	0.0894	5	BG	mRNA
587	0.8719	0.0840	5	BG	mRNA
588	0.8724	0.0849	5	BG	mRNA
589	0.8747	0.0890	5	BG	mRNA
590	0.8718	0.0839	5	BG	mRNA
591	0.8735	0.0848	5	BG	mRNA
592	0.8754	0.0888	5	BG	mRNA
593	0.8725	0.0839	5	BG	mRNA
594	0.8742	0.0851	5	BG	mRNA
595	0.8759	0.0893	5	BG	mRNA
596	0.8733	0.0844	5	BG	mRNA
597	0.8750	0.0858	5	BG	mRNA
598	0.8768	0.0898	5	BG	mRNA
599	0.8745	0.0851	5	BG	mRNA
600	0.8773	0.0862	5	BG	mRNA
601	0.8796	0.0900	5	BG	mRNA
602	0.8765	0.0844	5	BG	mRNA
603	0.8776	0.0859	5	BG	mRNA
604	0.8803	0.0902	5	BG	mRNA
605	0.8767	0.0848	5	BG	mRNA
606	0.8770	0.0859	5	BG	mRNA
607	0.8788	0.0905	5	BG	mRNA
608	0.8763	0.0854	5	BG	mRNA
609	0.8763	0.0868	5	BG	mRNA
610	0.8788	0.0901	5	BG	mRNA
611	0.8760	0.0844	5	BG	mRNA
612	0.8761	0.0855	5	BG	mRNA
613	0.8784	0.0900	5	BG	mRNA
614	0.8759	0.0839	5	BG	mRNA
615	0.8768	0.0854	5	BG	mRNA
616	0.8778	0.0889	5	BG	mRNA
617	0.8740	0.0843	5	BG	mRNA
618	0.8761	0.0839	5	BG	mRNA
619	0.8776	0.0874	5	BG	mRNA
620	0.8747	0.0823	5	BG	mRNA
621	0.8755	0.0832	5	BG	mRNA
622	0.8780	0.0874	5	BG	mRNA
623	0.8747	0.0822	5	BG	mRNA
624	0.8757	0.0829	5	BG	mRNA
625	0.8769	0.0872	5	BG	mRNA
626	0.8744	0.0821	5	BG	mRNA
627	0.8747	0.0833	5	BG	mRNA
628	0.8780	0.0876	5	BG	mRNA
629	0.8750	0.0821	5	BG	mRNA
630	0.8753	0.0824	5	BG	mRNA
631	0.8779	0.0862	5	BG	mRNA
632	0.8747	0.0806	5	BG	mRNA
633	0.8745	0.0827	5	BG	mRNA
634	0.8775	0.0876	5	BG	mRNA
635	0.8743	0.0831	5	BG	mRNA
636	0.8760	0.0841	5	BG	mRNA
637	0.8788	0.0894	5	BG	mRNA
638	0.8756	0.0843	5	BG	mRNA
639	0.8771	0.0863	5	BG	mRNA
640	0.8805	0.0912	5	BG	mRNA
641	0.8780	0.0847	5	BG	mRNA
642	0.8795	0.0864	5	BG	mRNA
643	0.8819	0.0913	5	BG	mRNA
644	0.8788	0.0855	5	BG	mRNA
645	0.8801	0.0865	5	BG	mRNA
646	0.8822	0.0909	5	BG	mRNA
647	0.8793	0.0844	5	BG	mRNA
648	0.8808	0.0853	5	BG	mRNA
649	0.8834	0.0894	5	BG	mRNA
650	0.8811	0.0842	5	BG	mRNA
651	0.8824	0.0858	5	BG	mRNA
652	0.8841	0.0908	5	BG	mRNA
653	0.8817	0.0849	5	BG	mRNA
654	0.8831	0.0860	5	BG	mRNA
655	0.8858	0.0904	5	BG	mRNA
656	0.8828	0.0836	5	BG	mRNA
657	0.8836	0.0839	5	BG	mRNA
658	0.8866	0.0879	5	BG	mRNA
659	0.8842	0.0816	5	BG	mRNA
660	0.8854	0.0817	5	BG	mRNA
661	0.8879	0.0871	5	BG	mRNA
662	0.8855	0.0811	5	BG	mRNA
663	0.8865	0.0814	5	BG	mRNA
664	0.8900	0.0848	5	BG	mRNA
665	0.8871	0.0789	5	BG	mRNA
666	0.8897	0.0801	5	BG	mRNA
667	0.8912	0.0841	5	BG	mRNA
668	0.8878	0.0775	5	BG	mRNA
669	0.8893	0.0784	5	BG	mRNA
670	0.8926	0.0815	5	BG	mRNA
671	0.8899	0.0764	5	BG	mRNA
672	0.8912	0.0765	5	BG	mRNA
673	0.8950	0.0816	5	BG	mRNA
674	0.8930	0.0772	5	BG	mRNA
675	0.8937	0.0781	5	BG	mRNA
676	0.8940	0.0814	5	BG	mRNA
677	0.8914	0.0764	5	BG	mRNA
678	0.8923	0.0777	5	BG	mRNA
679	0.8949	0.0812	5	BG	mRNA
680	0.8905	0.0765	5	BG	mRNA
681	0.8903	0.0777	5	BG	mRNA
682	0.8928	0.0814	5	BG	mRNA
683	0.8910	0.0755	5	BG	mRNA
684	0.8918	0.0769	5	BG	mRNA
685	0.8946	0.0811	5	BG	mRNA
686	0.8925	0.0753	5	BG	mRNA
687	0.8943	0.0754	5	BG	mRNA
688	0.8965	0.0792	5	BG	mRNA
689	0.8939	0.0739	5	BG	mRNA
690	0.8947	0.0752	5	BG	mRNA
691	0.8975	0.0787	5	BG	mRNA
692	0.8945	0.0730	5	BG	mRNA
693	0.8951	0.0736	5	BG	mRNA
694	0.8980	0.0774	5	BG	mRNA
695	0.8945	0.0730	5	BG	mRNA
696	0.8953	0.0736	5	BG	mRNA
697	0.8973	0.0774	5	BG	mRNA
698	0.8939	0.0719	5	BG	mRNA
699	0.8944	0.0728	5	BG	mRNA
700	0.8962	0.0765	5	BG	mRNA
701	0.8928	0.0703	5	BG	mRNA
702	0.8933	0.0711	5	BG	mRNA
703	0.8949	0.0756	5	BG	mRNA
704	0.8914	0.0709	5	BG	mRNA
705	0.8920	0.0715	5	BG	mRNA
706	0.8936	0.0749	5	BG	mRNA
707	0.8898	0.0702	5	BG	mRNA
708	0.8908	0.0710	5	BG	mRNA
709	0.8931	0.0749	5	BG	mRNA
710	0.8899	0.0711	5	BG	mRNA
711	0.8893	0.0724	5	BG	mRNA
712	0.8918	0.0765	5	BG	mRNA
713	0.8888	0.0714	5	BG	mRNA
714	0.8895	0.0724	5	BG	mRNA
715	0.8910	0.0767	5	BG	mRNA
716	0.8887	0.0719	5	BG	mRNA
717	0.8898	0.0727	5	BG	mRNA
718	0.8921	0.0773	5	BG	mRNA
719	0.8895	0.0720	5	BG	mRNA
720	0.8907	0.0727	5	BG	mRNA
721	0.8927	0.0773	5	BG	mRNA
722	0.8904	0.0724	5	BG	mRNA
723	0.8924	0.0727	5	BG	mRNA
724	0.8940	0.0778	5	BG	mRNA
725	0.8908	0.0726	5	BG	mRNA
726	0.8923	0.0738	5	BG	mRNA
727	0.8944	0.0767	5	BG	mRNA
728	0.8912	0.0717	5	BG	mRNA
729	0.8931	0.0726	5	BG	mRNA
730	0.8951	0.0769	5	BG	mRNA
731	0.8915	0.0718	5	BG	mRNA
732	0.8926	0.0726	5	BG	mRNA
733	0.8955	0.0764	5	BG	mRNA
734	0.8923	0.0704	5	BG	mRNA
735	0.8916	0.0711	5	BG	mRNA
736	0.8943	0.0760	5	BG	mRNA
737	0.8908	0.0710	5	BG	mRNA
738	0.8917	0.0738	5	BG	mRNA
739	0.8937	0.0777	5	BG	mRNA
740	0.8900	0.0719	5	BG	mRNA
741	0.8915	0.0719	5	BG	mRNA
742	0.8944	0.0763	5	BG	mRNA
743	0.8921	0.0703	5	BG	mRNA
744	0.8942	0.0719	5	BG	mRNA
745	0.8963	0.0758	5	BG	mRNA
746	0.894	0.070	5	BG	mRNA
747	0.8963	0.0713	5	BG	mRNA
748	0.8982	0.0759	5	BG	mRNA
749	0.8960	0.0709	5	BG	mRNA
750	0.8973	0.0713	5	BG	mRNA
751	0.8996	0.0745	5	BG	mRNA
752	0.8966	0.0692	5	BG	mRNA
753	0.8973	0.0699	5	BG	mRNA
754	0.9000	0.0746	5	BG	mRNA
755	0.8982	0.0689	5	BG	mRNA
756	0.8999	0.0710	5	BG	mRNA
757	0.9029	0.0749	5	BG	mRNA
758	0.8996	0.0698	5	BG	mRNA
759	0.9016	0.0703	5	BG	mRNA
760	0.9043	0.0742	5	BG	mRNA
761	0.9016	0.0704	5	BG	mRNA
762	0.9026	0.0714	5	BG	mRNA
763	0.9045	0.0737	5	BG	mRNA
764	0.9017	0.0690	5	BG	mRNA
765	0.9033	0.0703	5	BG	mRNA
766	0.9057	0.0739	5	BG	mRNA
767	0.9033	0.0691	5	BG	mRNA
768	0.9049	0.0704	5	BG	mRNA
769	0.9082	0.0732	5	BG	mRNA
770	0.9052	0.0698	5	BG	mRNA
771	0.9055	0.0699	5	BG	mRNA
772	0.9076	0.0733	5	BG	mRNA
773	0.9049	0.0686	5	BG	mRNA
774	0.9047	0.0697	5	BG	mRNA
775	0.9068	0.0732	5	BG	mRNA
776	0.9032	0.0697	5	BG	mRNA
777	0.9032	0.0703	5	BG	mRNA
778	0.9063	0.0741	5	BG	mRNA
779	0.9020	0.0713	5	BG	mRNA
780	0.9026	0.0722	5	BG	mRNA
781	0.9048	0.0743	5	BG	mRNA
782	0.9024	0.0698	5	BG	mRNA
783	0.9029	0.0701	5	BG	mRNA
784	0.9055	0.0727	5	BG	mRNA
785	0.9032	0.0688	5	BG	mRNA
786	0.9038	0.0691	5	BG	mRNA
787	0.9069	0.0729	5	BG	mRNA
788	0.9027	0.0676	5	BG	mRNA
789	0.9032	0.0678	5	BG	mRNA
790	0.9054	0.0706	5	BG	mRNA
791	0.9027	0.0660	5	BG	mRNA
792	0.9043	0.0664	5	BG	mRNA
793	0.9073	0.0700	5	BG	mRNA
794	0.9040	0.0653	5	BG	mRNA
795	0.9051	0.0654	5	BG	mRNA
796	0.9078	0.0692	5	BG	mRNA
797	0.9047	0.0643	5	BG	mRNA
798	0.9064	0.0651	5	BG	mRNA
799	0.9095	0.0690	5	BG	mRNA
800	0.9064	0.0650	5	BG	mRNA
801	0.9068	0.0655	5	BG	mRNA
802	0.9087	0.0695	5	BG	mRNA
803	0.9060	0.0654	5	BG	mRNA
804	0.9075	0.0660	5	BG	mRNA
805	0.9098	0.0695	5	BG	mRNA
806	0.9073	0.0646	5	BG	mRNA
807	0.9094	0.0663	5	BG	mRNA
808	0.9114	0.0701	5	BG	mRNA
809	0.9087	0.0659	5	BG	mRNA
810	0.9103	0.0672	5	BG	mRNA
811	0.9143	0.0714	5	BG	mRNA
812	0.9116	0.0677	5	BG	mRNA
813	0.9127	0.0696	5	BG	mRNA
814	0.9157	0.0738	5	BG	mRNA
815	0.9133	0.0677	5	BG	mRNA
816	0.9154	0.0689	5	BG	mRNA
817	0.9183	0.0732	5	BG	mRNA
818	0.9151	0.0677	5	BG	mRNA
819	0.9158	0.0683	5	BG	mRNA
820	0.919	0.072	5	BG	mRNA
821	0.9166	0.0662	5	BG	mRNA
822	0.9177	0.0671	5	BG	mRNA
823	0.9208	0.0730	5	BG	mRNA
824	0.9165	0.0662	5	BG	mRNA
825	0.9173	0.0676	5	BG	mRNA
826	0.9197	0.0725	5	BG	mRNA
827	0.9168	0.0657	5	BG	mRNA
828	0.9177	0.0663	5	BG	mRNA
829	0.9208	0.0703	5	BG	mRNA
830	0.9175	0.0648	5	BG	mRNA
831	0.9177	0.0662	5	BG	mRNA
832	0.9194	0.0687	5	BG	mRNA
833	0.9148	0.0630	5	BG	mRNA
834	0.9168	0.0638	5	BG	mRNA
835	0.9181	0.0679	5	BG	mRNA
836	0.9132	0.0629	5	BG	mRNA
837	0.9149	0.0639	5	BG	mRNA
838	0.9165	0.0663	5	BG	mRNA
839	0.9127	0.0600	5	BG	mRNA
840	0.9137	0.0599	5	BG	mRNA
841	0.9163	0.0646	5	BG	mRNA
842	0.9127	0.0599	5	BG	mRNA
843	0.9128	0.0594	5	BG	mRNA
844	0.9143	0.0626	5	BG	mRNA
845	0.9106	0.0591	5	BG	mRNA
846	0.9109	0.0590	5	BG	mRNA
847	0.9132	0.0627	5	BG	mRNA
848	0.9101	0.0590	5	BG	mRNA
849	0.9117	0.0605	5	BG	mRNA
850	0.9134	0.0636	5	BG	mRNA
851	0.9106	0.0600	5	BG	mRNA
852	0.9115	0.0603	5	BG	mRNA
853	0.9142	0.0630	5	BG	mRNA
854	0.9099	0.0584	5	BG	mRNA
855	0.9109	0.0587	5	BG	mRNA
856	0.9127	0.0633	5	BG	mRNA
857	0.9099	0.0594	5	BG	mRNA
858	0.9116	0.0606	5	BG	mRNA
859	0.9138	0.0639	5	BG	mRNA
860	0.9097	0.0592	5	BG	mRNA
861	0.9107	0.0596	5	BG	mRNA
862	0.9128	0.0624	5	BG	mRNA
863	0.9102	0.0571	5	BG	mRNA
864	0.9109	0.0583	5	BG	mRNA
865	0.9129	0.0616	5	BG	mRNA
866	0.9095	0.0572	5	BG	mRNA
867	0.9114	0.0580	5	BG	mRNA
868	0.9144	0.0613	5	BG	mRNA
869	0.9118	0.0574	5	BG	mRNA
870	0.9129	0.0581	5	BG	mRNA
871	0.9155	0.0626	5	BG	mRNA
872	0.9142	0.0591	5	BG	mRNA
873	0.9144	0.0598	5	BG	mRNA
874	0.9168	0.0642	5	BG	mRNA
875	0.9146	0.0584	5	BG	mRNA
876	0.9159	0.0595	5	BG	mRNA
877	0.9176	0.0633	5	BG	mRNA
878	0.9144	0.0579	5	BG	mRNA
879	0.9153	0.0590	5	BG	mRNA
880	0.9183	0.0644	5	BG	mRNA
881	0.9149	0.0586	5	BG	mRNA
882	0.9160	0.0592	5	BG	mRNA
883	0.9180	0.0633	5	BG	mRNA
884	0.9153	0.0571	5	BG	mRNA
885	0.9166	0.0583	5	BG	mRNA
886	0.9202	0.0628	5	BG	mRNA
887	0.9184	0.0575	5	BG	mRNA
888	0.9212	0.0584	5	BG	mRNA
889	0.9242	0.0643	5	BG	mRNA
890	0.9221	0.0585	5	BG	mRNA
891	0.9227	0.0601	5	BG	mRNA
892	0.9251	0.0651	5	BG	mRNA
893	0.9220	0.0588	5	BG	mRNA
894	0.9225	0.0592	5	BG	mRNA
895	0.9254	0.0643	5	BG	mRNA
896	0.9223	0.0588	5	BG	mRNA
897	0.9231	0.0606	5	BG	mRNA
898	0.9257	0.0659	5	BG	mRNA
899	0.9223	0.0593	5	BG	mRNA
900	0.9234	0.0604	5	BG	mRNA
901	0.9257	0.0647	5	BG	mRNA
902	0.9224	0.0589	5	BG	mRNA
903	0.9248	0.0600	5	BG	mRNA
904	0.9275	0.0643	5	BG	mRNA
905	0.9253	0.0571	5	BG	mRNA
906	0.9265	0.0577	5	BG	mRNA
907	0.9281	0.0620	5	BG	mRNA
908	0.9248	0.0553	5	BG	mRNA
909	0.9252	0.0552	5	BG	mRNA
910	0.9256	0.0594	5	BG	mRNA
911	0.9224	0.0530	5	BG	mRNA
912	0.9241	0.0544	5	BG	mRNA
913	0.9254	0.0590	5	BG	mRNA
914	0.9216	0.0539	5	BG	mRNA
915	0.9226	0.0553	5	BG	mRNA
916	0.9243	0.0592	5	BG	mRNA
917	0.9206	0.0535	5	BG	mRNA
918	0.9215	0.0547	5	BG	mRNA
919	0.9234	0.0586	5	BG	mRNA
920	0.9207	0.0542	5	BG	mRNA
921	0.9210	0.0549	5	BG	mRNA
922	0.9225	0.0588	5	BG	mRNA
923	0.9190	0.0531	5	BG	mRNA
924	0.9199	0.0538	5	BG	mRNA
925	0.9214	0.0576	5	BG	mRNA
926	0.9187	0.0529	5	BG	mRNA
927	0.9202	0.0530	5	BG	mRNA
928	0.9225	0.0554	5	BG	mRNA
929	0.9196	0.0508	5	BG	mRNA
930	0.9199	0.0520	5	BG	mRNA
931	0.9216	0.0564	5	BG	mRNA
932	0.9188	0.0513	5	BG	mRNA
933	0.9209	0.0525	5	BG	mRNA
934	0.9236	0.0563	5	BG	mRNA
935	0.9209	0.0517	5	BG	mRNA
936	0.9228	0.0525	5	BG	mRNA
937	0.9252	0.0561	5	BG	mRNA
938	0.9232	0.0520	5	BG	mRNA
939	0.9239	0.0534	5	BG	mRNA
940	0.9267	0.0594	5	BG	mRNA
941	0.9232	0.0546	5	BG	mRNA
942	0.9257	0.0551	5	BG	mRNA
943	0.9276	0.0594	5	BG	mRNA
944	0.9244	0.0543	5	BG	mRNA
945	0.9261	0.0555	5	BG	mRNA
946	0.9293	0.0606	5	BG	mRNA
947	0.9268	0.0560	5	BG	mRNA
948	0.9270	0.0551	5	BG	mRNA
949	0.9299	0.0590	5	BG	mRNA
950	0.9274	0.0548	5	BG	mRNA
951	0.9295	0.0554	5	BG	mRNA
952	0.9325	0.0610	5	BG	mRNA
953	0.9283	0.0548	5	BG	mRNA
954	0.9289	0.0562	5	BG	mRNA
955	0.9305	0.0598	5	BG	mRNA
956	0.9273	0.0540	5	BG	mRNA
957	0.9283	0.0545	5	BG	mRNA
958	0.9315	0.0588	5	BG	mRNA
959	0.9284	0.0533	5	BG	mRNA
960	0.9294	0.0539	5	BG	mRNA
961	0.9320	0.0579	5	BG	mRNA
962	0.9284	0.0530	5	BG	mRNA
963	0.9286	0.0531	5	BG	mRNA
964	0.9321	0.0568	5	BG	mRNA
965	0.9294	0.0521	5	BG	mRNA
966	0.9300	0.0525	5	BG	mRNA
967	0.9318	0.0573	5	BG	mRNA
968	0.9287	0.0521	5	BG	mRNA
969	0.9298	0.0522	5	BG	mRNA
970	0.9318	0.0555	5	BG	mRNA
971	0.9283	0.0512	5	BG	mRNA
972	0.9299	0.0514	5	BG	mRNA
973	0.9324	0.0553	5	BG	mRNA
974	0.9298	0.0498	5	BG	mRNA
975	0.9301	0.0506	5	BG	mRNA
976	0.9335	0.0540	5	BG	mRNA
977	0.936	0.062	5	BG	mRNA
978	0.9360	0.0613	5	BG	mRNA
979	0.9334	0.0553	5	BG	mRNA
980	0.9302	0.0513	5	BG	mRNA
981	0.9305	0.0520	5	BG	mRNA
982	0.9318	0.0554	5	BG	mRNA
983	0.9283	0.0514	5	BG	mRNA
984	0.9304	0.0508	5	BG	mRNA
985	0.9333	0.0558	5	BG	mRNA
986	0.9305	0.0512	5	BG	mRNA
987	0.9314	0.0523	5	BG	mRNA
988	0.9339	0.0565	5	BG	mRNA
989	0.9312	0.0514	5	BG	mRNA
990	0.9328	0.0523	5	BG	mRNA
991	0.9343	0.0566	5	BG	mRNA
992	0.9306	0.0513	5	BG	mRNA
993	0.9319	0.0512	5	BG	mRNA
994	0.9346	0.0550	5	BG	mRNA
995	0.9320	0.0502	5	BG	mRNA
996	0.9349	0.0521	5	BG	mRNA
997	0.9365	0.0561	5	BG	mRNA
998	0.9330	0.0503	5	BG	mRNA
999	0.9350	0.0519	5	BG	mRNA
1000	0.9378	0.0558	5	BG	mRNA
1001	0.9336	0.0503	5	BG	mRNA
1002	0.9326	0.0488	5	BG	mRNA
1003	0.9358	0.0521	5	BG	mRNA
1004	0.9334	0.0478	5	BG	mRNA
1005	0.9345	0.0484	5	BG	mRNA
1006	0.9362	0.0524	5	BG	mRNA
1007	0.9340	0.0476	5	BG	mRNA
1008	0.9355	0.0486	5	BG	mRNA
1009	0.9376	0.0544	5	BG	mRNA
1010	0.934	0.0494	5	BG	mRNA
1011	0.9338	0.0490	5	BG	mRNA
1012	0.9355	0.0513	5	BG	mRNA
1013	0.9327	0.0458	5	BG	mRNA
1014	0.9341	0.0457	5	BG	mRNA
1015	0.9356	0.0510	5	BG	mRNA
1016	0.9324	0.0451	5	BG	mRNA
1017	0.9339	0.0462	5	BG	mRNA
1018	0.9347	0.0508	5	BG	mRNA
1019	0.9322	0.0464	5	BG	mRNA
1020	0.9318	0.0460	5	BG	mRNA
1021	0.9345	0.0503	5	BG	mRNA
1022	0.9316	0.0457	5	BG	mRNA
1023	0.9318	0.0466	5	BG	mRNA
1024	0.9327	0.0513	5	BG	mRNA
1025	0.9295	0.0459	5	BG	mRNA
1026	0.9305	0.0468	5	BG	mRNA
1027	0.9338	0.0541	5	BG	mRNA
1028	0.9305	0.0484	5	BG	mRNA
1029	0.9323	0.0497	5	BG	mRNA
1030	0.9361	0.0558	5	BG	mRNA
1031	0.9330	0.0492	5	BG	mRNA
1032	0.9332	0.0501	5	BG	mRNA
1033	0.9360	0.0563	5	BG	mRNA
1034	0.9325	0.0502	5	BG	mRNA
1035	0.9337	0.0512	5	BG	mRNA
1036	0.9355	0.0558	5	BG	mRNA
1037	0.9322	0.0496	5	BG	mRNA
1038	0.9337	0.0499	5	BG	mRNA
1039	0.9354	0.0548	5	BG	mRNA
1040	0.9325	0.0498	5	BG	mRNA
1041	0.9340	0.0504	5	BG	mRNA
1042	0.9366	0.0572	5	BG	mRNA
1043	0.9339	0.0511	5	BG	mRNA
1044	0.9348	0.0518	5	BG	mRNA
1045	0.9376	0.0571	5	BG	mRNA
1046	0.9354	0.0516	5	BG	mRNA
1047	0.9374	0.0525	5	BG	mRNA
1048	0.9381	0.0563	5	BG	mRNA
1049	0.9337	0.0488	5	BG	mRNA
1050	0.9348	0.0500	5	BG	mRNA
1051	0.9371	0.0560	5	BG	mRNA
1052	0.9352	0.0504	5	BG	mRNA
1053	0.9366	0.0518	5	BG	mRNA
1054	0.9403	0.0576	5	BG	mRNA
1055	0.9374	0.0523	5	BG	mRNA
1056	0.9381	0.0521	5	BG	mRNA
1057	0.9414	0.0563	5	BG	mRNA
1058	0.9376	0.0495	5	BG	mRNA
1059	0.9390	0.0495	5	BG	mRNA
1060	0.9416	0.0552	5	BG	mRNA
1061	0.9391	0.0487	5	BG	mRNA
1062	0.9415	0.0510	5	BG	mRNA
1063	0.9432	0.0541	5	BG	mRNA
1064	0.9401	0.0482	5	BG	mRNA
1065	0.9416	0.0483	5	BG	mRNA
1066	0.9432	0.0522	5	BG	mRNA
1067	0.9405	0.0468	5	BG	mRNA
1068	0.9419	0.0469	5	BG	mRNA
1069	0.9467	0.0514	5	BG	mRNA
1070	0.9439	0.0464	5	BG	mRNA
1071	0.9450	0.0459	5	BG	mRNA
1072	0.9467	0.0492	5	BG	mRNA
1073	0.9437	0.0445	5	BG	mRNA
1074	0.9459	0.0459	5	BG	mRNA
1075	0.9487	0.0494	5	BG	mRNA
1076	0.9456	0.0448	5	BG	mRNA
1077	0.9454	0.0444	5	BG	mRNA
1078	0.9496	0.0472	5	BG	mRNA
1079	0.9464	0.0420	5	BG	mRNA
1080	0.9485	0.0420	5	BG	mRNA
1081	0.9520	0.0468	5	BG	mRNA
1082	0.9495	0.0431	5	BG	mRNA
1083	0.9497	0.0426	5	BG	mRNA
1084	0.9523	0.0475	5	BG	mRNA
1085	0.949	0.042	5	BG	mRNA
1086	0.9504	0.0434	5	BG	mRNA
1087	0.9533	0.0482	5	BG	mRNA
1088	0.9506	0.0439	5	BG	mRNA
1089	0.9517	0.0433	5	BG	mRNA
1090	0.9532	0.0472	5	BG	mRNA
1091	0.9500	0.0412	5	BG	mRNA
1092	0.9504	0.0426	5	BG	mRNA
1093	0.9528	0.0472	5	BG	mRNA
1094	0.9489	0.0426	5	BG	mRNA
1095	0.9498	0.0440	5	BG	mRNA
1096	0.9524	0.0498	5	BG	mRNA
1097	0.9497	0.0429	5	BG	mRNA
1098	0.9502	0.0429	5	BG	mRNA
1099	0.9529	0.0470	5	BG	mRNA
1100	0.9486	0.0417	5	BG	mRNA
1101	0.9496	0.0441	5	BG	mRNA
1102	0.9507	0.0476	5	BG	mRNA
1103	0.9472	0.0441	5	BG	mRNA
1104	0.9486	0.0445	5	BG	mRNA
1105	0.9487	0.0476	5	BG	mRNA
1106	0.9446	0.0429	5	BG	mRNA
1107	0.9461	0.0438	5	BG	mRNA
1108	0.9486	0.0479	5	BG	mRNA
1109	0.9469	0.0428	5	BG	mRNA
1110	0.947	0.0421	5	BG	mRNA
1111	0.9493	0.0438	5	BG	mRNA
1112	0.9457	0.0395	5	BG	mRNA
1113	0.9459	0.0402	5	BG	mRNA
1114	0.9492	0.0466	5	BG	mRNA
1115	0.9470	0.0422	5	BG	mRNA
1116	0.9481	0.0417	5	BG	mRNA
1117	0.9511	0.0454	5	BG	mRNA
1118	0.9478	0.0394	5	BG	mRNA
1119	0.9486	0.0399	5	BG	mRNA
1120	0.9508	0.0432	5	BG	mRNA
1121	0.9486	0.0379	5	BG	mRNA
1122	0.9503	0.0390	5	BG	mRNA
1123	0.9538	0.0460	5	BG	mRNA
1124	0.9526	0.0417	5	BG	mRNA
1125	0.9535	0.0426	5	BG	mRNA
1126	0.9564	0.0467	5	BG	mRNA
1127	0.9519	0.0418	5	BG	mRNA
1128	0.9534	0.0430	5	BG	mRNA
1129	0.9562	0.0488	5	BG	mRNA
1130	0.9527	0.0434	5	BG	mRNA
1131	0.9534	0.0438	5	BG	mRNA
1132	0.9562	0.0505	5	BG	mRNA
1133	0.9545	0.0436	5	BG	mRNA
1134	0.9548	0.0451	5	BG	mRNA
1135	0.9584	0.0498	5	BG	mRNA
1136	0.9560	0.0437	5	BG	mRNA
1137	0.9576	0.0446	5	BG	mRNA
1138	0.9593	0.0484	5	BG	mRNA
1139	0.9535	0.0386	5	BG	mRNA
1140	0.9549	0.0397	5	BG	mRNA
1141	0.9571	0.0449	5	BG	mRNA
1142	0.9545	0.0378	5	BG	mRNA
1143	0.9546	0.0391	5	BG	mRNA
1144	0.9571	0.0439	5	BG	mRNA
1145	0.9536	0.0362	5	BG	mRNA
1146	0.9541	0.0379	5	BG	mRNA
1147	0.9557	0.0431	5	BG	mRNA
1148	0.9517	0.0374	5	BG	mRNA
1149	0.9548	0.0409	5	BG	mRNA
1150	0.9564	0.0466	5	BG	mRNA
1151	0.9521	0.0390	5	BG	mRNA
1152	0.9541	0.0403	5	BG	mRNA
1153	0.9575	0.0454	5	BG	mRNA
1154	0.9557	0.0395	5	BG	mRNA
1155	0.9567	0.0417	5	BG	mRNA
1156	0.9593	0.0457	5	BG	mRNA
1157	0.9552	0.0383	5	BG	mRNA
1158	0.9556	0.0397	5	BG	mRNA
1159	0.9582	0.0450	5	BG	mRNA
1160	0.9544	0.0391	5	BG	mRNA
1161	0.9569	0.0393	5	BG	mRNA
1162	0.9592	0.0442	5	BG	mRNA
1163	0.9570	0.0397	5	BG	mRNA
1164	0.9583	0.0404	5	BG	mRNA
1165	0.9614	0.0444	5	BG	mRNA
1166	0.9585	0.0376	5	BG	mRNA
1167	0.9593	0.0384	5	BG	mRNA
1168	0.9625	0.0430	5	BG	mRNA
1169	0.9604	0.0377	5	BG	mRNA
1170	0.962	0.0388	5	BG	mRNA
1171	0.9638	0.0426	5	BG	mRNA
1172	0.9616	0.0375	5	BG	mRNA
1173	0.9630	0.0391	5	BG	mRNA
1174	0.9657	0.0418	5	BG	mRNA
1175	0.9624	0.0356	5	BG	mRNA
1176	0.9624	0.0361	5	BG	mRNA
1177	0.9643	0.0401	5	BG	mRNA
1178	0.9610	0.0371	5	BG	mRNA
1179	0.9631	0.0379	5	BG	mRNA
1180	0.9651	0.0393	5	BG	mRNA
1181	0.9616	0.0359	5	BG	mRNA
1182	0.9625	0.0351	5	BG	mRNA
1183	0.9652	0.0389	5	BG	mRNA
1184	0.9617	0.0349	5	BG	mRNA
1185	0.9631	0.0357	5	BG	mRNA
1186	0.9658	0.0393	5	BG	mRNA
1187	0.9630	0.0344	5	BG	mRNA
1188	0.9633	0.0349	5	BG	mRNA
1189	0.9667	0.0382	5	BG	mRNA
1190	0.9635	0.0345	5	BG	mRNA
1191	0.9646	0.0339	5	BG	mRNA
1192	0.9673	0.0363	5	BG	mRNA
1193	0.9631	0.0317	5	BG	mRNA
1194	0.9659	0.0322	5	BG	mRNA
1195	0.9687	0.0358	5	BG	mRNA
1196	0.9648	0.0312	5	BG	mRNA
1197	0.9659	0.0322	5	BG	mRNA
1198	0.9685	0.0354	5	BG	mRNA
1199	0.9654	0.0307	5	BG	mRNA
1200	0.9657	0.0318	5	BG	mRNA
1201	0.9683	0.0369	5	BG	mRNA
1202	0.9642	0.0325	5	BG	mRNA
1203	0.9643	0.0329	5	BG	mRNA
1204	0.9657	0.0350	5	BG	mRNA
1205	0.9629	0.0306	5	BG	mRNA
1206	0.9639	0.0311	5	BG	mRNA
1207	0.9661	0.0325	5	BG	mRNA
1208	0.9625	0.0309	5	BG	mRNA
1209	0.9632	0.0306	5	BG	mRNA
1210	0.9659	0.0326	5	BG	mRNA
1211	0.9618	0.0310	5	BG	mRNA
1212	0.9632	0.0310	5	BG	mRNA
1213	0.9644	0.0338	5	BG	mRNA
1214	0.9610	0.0323	5	BG	mRNA
1215	0.9610	0.0316	5	BG	mRNA
1216	0.9632	0.0331	5	BG	mRNA
1217	0.9597	0.0318	5	BG	mRNA
1218	0.9604	0.0311	5	BG	mRNA
1219	0.9632	0.0312	5	BG	mRNA
1220	0.960	0.0318	5	BG	mRNA
1221	0.9595	0.0322	5	BG	mRNA
1222	0.9613	0.0334	5	BG	mRNA
1223	0.9582	0.0319	5	BG	mRNA
1224	0.9591	0.0308	5	BG	mRNA
1225	0.9614	0.0301	5	BG	mRNA
1226	0.9565	0.0302	5	BG	mRNA
1227	0.9577	0.0301	5	BG	mRNA
1228	0.9593	0.0299	5	BG	mRNA
1229	0.9564	0.0295	5	BG	mRNA
1230	0.9577	0.0288	5	BG	mRNA
1231	0.9587	0.0295	5	BG	mRNA
1232	0.9567	0.0289	5	BG	mRNA
1233	0.9575	0.0292	5	BG	mRNA
1234	0.9605	0.0302	5	BG	mRNA
1235	0.9574	0.0291	5	BG	mRNA
1236	0.9593	0.0281	5	BG	mRNA
1237	0.9623	0.0290	5	BG	mRNA
1238	0.9605	0.0273	5	BG	mRNA
1239	0.9619	0.0273	5	BG	mRNA
1240	0.9652	0.0291	5	BG	mRNA
1241	0.9632	0.0278	5	BG	mRNA
1242	0.9653	0.0273	5	BG	mRNA
1243	0.9677	0.0298	5	BG	mRNA
1244	0.9641	0.0287	5	BG	mRNA
1245	0.9665	0.0284	5	BG	mRNA
1246	0.9705	0.0308	5	BG	mRNA
1247	0.9675	0.0296	5	BG	mRNA
1248	0.9710	0.0288	5	BG	mRNA
1249	0.9744	0.0318	5	BG	mRNA
1250	0.9709	0.0295	5	BG	mRNA
1251	0.9724	0.0302	5	BG	mRNA
1252	0.9752	0.0317	5	BG	mRNA
1253	0.9733	0.0287	5	BG	mRNA
1254	0.9741	0.0275	5	BG	mRNA
1255	0.9759	0.0323	5	BG	mRNA
1256	0.9727	0.0291	5	BG	mRNA
1257	0.9724	0.0312	5	BG	mRNA
1258	0.9722	0.0321	5	BG	mRNA
1259	0.9675	0.0273	5	BG	mRNA
1260	0.9688	0.0272	5	BG	mRNA
1261	0.9725	0.0286	5	BG	mRNA
1262	0.9690	0.0232	5	BG	mRNA
1263	0.9706	0.0243	5	BG	mRNA
1264	0.9732	0.0278	5	BG	mRNA
1265	0.9696	0.0227	5	BG	mRNA
1266	0.9710	0.0225	5	BG	mRNA
1267	0.9726	0.0260	5	BG	mRNA
1268	0.9696	0.0224	5	BG	mRNA
1269	0.9701	0.0241	5	BG	mRNA
1270	0.9731	0.0275	5	BG	mRNA
1271	0.9711	0.0247	5	BG	mRNA
1272	0.9726	0.0244	5	BG	mRNA
1273	0.9751	0.0271	5	BG	mRNA
1274	0.9718	0.0236	5	BG	mRNA
1275	0.9721	0.0250	5	BG	mRNA
1276	0.9748	0.0260	5	BG	mRNA
1277	0.9716	0.0226	5	BG	mRNA
1278	0.9747	0.0221	5	BG	mRNA
1279	0.9795	0.0256	5	BG	mRNA
1280	0.977	0.0229	5	BG	mRNA
1281	0.9768	0.0236	5	BG	mRNA
1282	0.9798	0.0265	5	BG	mRNA
1283	0.9759	0.0242	5	BG	mRNA
1284	0.9782	0.0249	5	BG	mRNA
1285	0.9816	0.0273	5	BG	mRNA
1286	0.9779	0.0252	5	BG	mRNA
1287	0.9796	0.0247	5	BG	mRNA
1288	0.9804	0.0251	5	BG	mRNA
1289	0.9787	0.0241	5	BG	mRNA
1290	0.9801	0.0245	5	BG	mRNA
1291	0.9832	0.0266	5	BG	mRNA
1292	0.9786	0.0243	5	BG	mRNA
1293	0.9800	0.0253	5	BG	mRNA
1294	0.9831	0.0276	5	BG	mRNA
1295	0.9798	0.0243	5	BG	mRNA
1296	0.9812	0.0244	5	BG	mRNA
1297	0.9844	0.0262	5	BG	mRNA
1298	0.9812	0.0245	5	BG	mRNA
1299	0.9820	0.0234	5	BG	mRNA
1300	0.9848	0.0255	5	BG	mRNA
1301	0.9817	0.0227	5	BG	mRNA
1302	0.9825	0.0229	5	BG	mRNA
1303	0.9856	0.0288	5	BG	mRNA
1304	0.9821	0.0254	5	BG	mRNA
1305	0.9828	0.0268	5	BG	mRNA
1306	0.9841	0.0318	5	BG	mRNA
1307	0.9819	0.0256	5	BG	mRNA
1308	0.9823	0.0276	5	BG	mRNA
1309	0.9843	0.0313	5	BG	mRNA
1310	0.9823	0.0254	5	BG	mRNA
1311	0.9832	0.0260	5	BG	mRNA
1312	0.9845	0.0299	5	BG	mRNA
1313	0.9813	0.0262	5	BG	mRNA
1314	0.9822	0.0267	5	BG	mRNA
1315	0.9855	0.0309	5	BG	mRNA
1316	0.9816	0.0267	5	BG	mRNA
1317	0.9826	0.0270	5	BG	mRNA
1318	0.9847	0.0296	5	BG	mRNA
1319	0.9799	0.0249	5	BG	mRNA
1320	0.9807	0.0257	5	BG	mRNA
1321	0.9845	0.0278	5	BG	mRNA
1322	0.9820	0.0244	5	BG	mRNA
1323	0.9835	0.0247	5	BG	mRNA
1324	0.9861	0.0277	5	BG	mRNA
1325	0.9823	0.0237	5	BG	mRNA
1326	0.9835	0.0242	5	BG	mRNA
1327	0.9858	0.0278	5	BG	mRNA
1328	0.9816	0.0238	5	BG	mRNA
1329	0.9824	0.0235	5	BG	mRNA
1330	0.9856	0.0264	5	BG	mRNA
1331	0.9809	0.0223	5	BG	mRNA
1332	0.9841	0.0198	5	BG	mRNA
1333	0.9872	0.0224	5	BG	mRNA
1334	0.9838	0.0204	5	BG	mRNA
1335	0.9847	0.0199	5	BG	mRNA
1336	0.9865	0.0227	5	BG	mRNA
1337	0.9829	0.0195	5	BG	mRNA
1338	0.9842	0.0196	5	BG	mRNA
1339	0.9867	0.0234	5	BG	mRNA
1340	0.9846	0.0180	5	BG	mRNA
1341	0.9857	0.0190	5	BG	mRNA
1342	0.9876	0.0244	5	BG	mRNA
1343	0.9852	0.0200	5	BG	mRNA
1344	0.9877	0.0208	5	BG	mRNA
1345	0.9915	0.0243	5	BG	mRNA
1346	0.9885	0.0189	5	BG	mRNA
1347	0.9896	0.0200	5	BG	mRNA
1348	0.9917	0.0268	5	BG	mRNA
1349	0.9881	0.0191	5	BG	mRNA
1350	0.9894	0.0199	5	BG	mRNA
1351	0.9917	0.0240	5	BG	mRNA
1352	0.9882	0.0173	5	BG	mRNA
1353	0.9898	0.0201	5	BG	mRNA
1354	0.9909	0.0242	5	BG	mRNA
1355	0.9878	0.0174	5	BG	mRNA
1356	0.9874	0.0220	5	BG	mRNA
1357	0.9909	0.0280	5	BG	mRNA
1358	0.9872	0.0221	5	BG	mRNA
1359	0.9889	0.0225	5	BG	mRNA
1360	0.9901	0.0271	5	BG	mRNA
1361	0.9870	0.0226	5	BG	mRNA
1362	0.9885	0.0238	5	BG	mRNA
1363	0.9922	0.0270	5	BG	mRNA
1364	0.9889	0.0233	5	BG	mRNA
1365	0.9917	0.0246	5	BG	mRNA
1366	0.9934	0.0291	5	BG	mRNA
1367	0.9896	0.0254	5	BG	mRNA
1368	0.9900	0.0259	5	BG	mRNA
1369	0.9932	0.0278	5	BG	mRNA
1370	0.9893	0.0245	5	BG	mRNA
1371	0.9913	0.0255	5	BG	mRNA
1372	0.9917	0.0272	5	BG	mRNA
1373	0.9887	0.0244	5	BG	mRNA
1374	0.9902	0.0246	5	BG	mRNA
1375	0.9930	0.0282	5	BG	mRNA
1376	0.9886	0.0240	5	BG	mRNA
1377	0.9897	0.0238	5	BG	mRNA
1378	0.9926	0.0269	5	BG	mRNA
1379	0.9901	0.0209	5	BG	mRNA
1380	0.992	0.0224	5	BG	mRNA
1381	0.9945	0.0255	5	BG	mRNA
1382	0.9914	0.0231	5	BG	mRNA
1383	0.9921	0.0239	5	BG	mRNA
1384	0.9929	0.0267	5	BG	mRNA
1385	0.9903	0.0249	5	BG	mRNA
1386	0.9918	0.0251	5	BG	mRNA
1387	0.9944	0.0277	5	BG	mRNA
1388	0.9903	0.0253	5	BG	mRNA
1389	0.9927	0.0259	5	BG	mRNA
1390	0.9962	0.0313	5	BG	mRNA
1391	0.9927	0.0293	5	BG	mRNA
1392	0.9950	0.0305	5	BG	mRNA
1393	0.9961	0.0326	5	BG	mRNA
1394	0.9921	0.0292	5	BG	mRNA
1395	0.9941	0.0291	5	BG	mRNA
1396	0.9961	0.0325	5	BG	mRNA
1397	0.9932	0.0267	5	BG	mRNA
1398	0.9941	0.0266	5	BG	mRNA
1399	0.9952	0.0302	5	BG	mRNA
1400	0.9929	0.0264	5	BG	mRNA
1401	0.9938	0.0262	5	BG	mRNA
1402	0.9963	0.0280	5	BG	mRNA
1403	0.9937	0.0260	5	BG	mRNA
1404	0.9954	0.0257	5	BG	mRNA
1405	0.9971	0.0266	5	BG	mRNA
1406	0.9939	0.0235	5	BG	mRNA
1407	0.9953	0.0235	5	BG	mRNA
1408	0.9995	0.0270	5	BG	mRNA
1409	0.9984	0.0286	5	BG	mRNA
1410	0.9984	0.0252	5	BG	mRNA
1411	0.9999	0.0241	5	BG	mRNA
1412	0.9971	0.0218	5	BG	mRNA
1413	0.9997	0.0196	5	BG	mRNA
1414	1.0016	0.0221	5	BG	mRNA
1415	0.9992	0.0185	5	BG	mRNA
1416	1	0.02	5	BG	mRNA
1417	0.9996	0.0234	5	BG	mRNA
1418	0.9965	0.0194	5	BG	mRNA
1419	0.9961	0.0175	5	BG	mRNA
1420	0.9986	0.0197	5	BG	mRNA
1421	0.9939	0.0176	5	BG	mRNA
1422	0.9954	0.0166	5	BG	mRNA
1423	0.9978	0.0181	5	BG	mRNA
1424	0.9946	0.0159	5	BG	mRNA
1425	0.9938	0.0152	5	BG	mRNA
1426	0.997	0.018	5	BG	mRNA
1427	0.9931	0.0154	5	BG	mRNA
1428	0.9934	0.0148	5	BG	mRNA
1429	0.9961	0.0172	5	BG	mRNA
1430	0.9934	0.0152	5	BG	mRNA
1431	0.9941	0.0140	5	BG	mRNA
1432	0.9964	0.0154	5	BG	mRNA
1433	0.9940	0.0149	5	BG	mRNA
1434	0.9959	0.0141	5	BG	mRNA
1435	0.9983	0.0169	5	BG	mRNA
1436	0.9955	0.0148	5	BG	mRNA
1437	0.9941	0.0163	5	BG	mRNA
1438	0.9959	0.0197	5	BG	mRNA
1439	0.9949	0.0172	5	BG	mRNA
1440	0.9978	0.0153	5	BG	mRNA
1441	0.9994	0.0169	5	BG	mRNA
1442	0.9958	0.0175	5	BG	mRNA
1443	0.9967	0.0182	5	BG	mRNA
1444	0.9997	0.0186	5	BG	mRNA
1445	0.9972	0.0180	5	BG	mRNA
1446	0.9985	0.0171	5	BG	mRNA
1447	1.0031	0.0167	5	BG	mRNA
1448	1.0016	0.0205	5	BG	mRNA
1449	1.0030	0.0186	5	BG	mRNA
1450	1.0061	0.0174	5	BG	mRNA
1451	1.0038	0.0215	5	BG	mRNA
1452	1.0057	0.0181	5	BG	mRNA
1453	1.0082	0.0169	5	BG	mRNA
1454	1.0061	0.0199	5	BG	mRNA
1455	1.0088	0.0178	5	BG	mRNA
1456	1.0113	0.0155	5	BG	mRNA
1457	1.0083	0.0174	5	BG	mRNA
1458	1.0100	0.0141	5	BG	mRNA
1459	1.0121	0.0139	5	BG	mRNA
1460	1.0076	0.0160	5	BG	mRNA
1461	1.0089	0.0142	5	BG	mRNA
1462	1.0097	0.0115	5	BG	mRNA
1463	1.0064	0.0125	5	BG	mRNA
1464	1.0082	0.0105	5	BG	mRNA
1465	1.0118	0.0097	5	BG	mRNA
1466	1.0086	0.0133	5	BG	mRNA
1467	1.0098	0.0101	5	BG	mRNA
1468	1.0148	0.0116	5	BG	mRNA
1469	1.0122	0.0132	5	BG	mRNA
1470	1.0132	0.0127	5	BG	mRNA
1471	1.0159	0.0127	5	BG	mRNA
1472	1.0130	0.0114	5	BG	mRNA
1473	1.0144	0.0078	5	BG	mRNA
1474	1.0167	0.0103	5	BG	mRNA
1475	1.0133	0.0119	5	BG	mRNA
1476	1.0139	0.0103	5	BG	mRNA
1477	1.0174	0.0130	5	BG	mRNA
1478	1.0140	0.0117	5	BG	mRNA
1479	1.0143	0.0109	5	BG	mRNA
1480	1.0168	0.0159	5	BG	mRNA
1481	1.0117	0.0129	5	BG	mRNA
1482	1.0143	0.0154	5	BG	mRNA
1483	1.0162	0.0173	5	BG	mRNA
1484	1.0119	0.0129	5	BG	mRNA
1485	1.0114	0.0145	5	BG	mRNA
1486	1.0128	0.0161	5	BG	mRNA
1487	1.0096	0.0141	5	BG	mRNA
1488	1.009	0.013	5	BG	mRNA
1489	1.0120	0.0147	5	BG	mRNA
1490	1.0104	0.0130	5	BG	mRNA
1491	1.0120	0.0117	5	BG	mRNA
1492	1.0144	0.0177	5	BG	mRNA
1493	1.0101	0.0132	5	BG	mRNA
1494	1.0122	0.0141	5	BG	mRNA
1495	1.0150	0.0189	5	BG	mRNA
1496	1.0114	0.0143	5	BG	mRNA
1497	1.0118	0.0155	5	BG	mRNA
1498	1.0159	0.0234	5	BG	mRNA
1499	1.0121	0.0194	5	BG	mRNA
1500	1.0123	0.0203	5	BG	mRNA
-1499	0.9936	0.0145	3	BG	mRNA
-1498	0.9881	0.0112	3	BG	mRNA
-1497	0.9883	0.0110	3	BG	mRNA
-1496	0.9898	0.0159	3	BG	mRNA
-1495	0.9859	0.0121	3	BG	mRNA
-1494	0.9876	0.0124	3	BG	mRNA
-1493	0.9898	0.0176	3	BG	mRNA
-1492	0.9876	0.0115	3	BG	mRNA
-1491	0.9872	0.0110	3	BG	mRNA
-1490	0.9905	0.0143	3	BG	mRNA
-1489	0.9873	0.0096	3	BG	mRNA
-1488	0.9884	0.0104	3	BG	mRNA
-1487	0.9908	0.0137	3	BG	mRNA
-1486	0.9862	0.0136	3	BG	mRNA
-1485	0.9867	0.0152	3	BG	mRNA
-1484	0.9895	0.0164	3	BG	mRNA
-1483	0.9868	0.0126	3	BG	mRNA
-1482	0.9886	0.0111	3	BG	mRNA
-1481	0.9926	0.0109	3	BG	mRNA
-1480	0.9896	0.0109	3	BG	mRNA
-1479	0.9906	0.0107	3	BG	mRNA
-1478	0.9952	0.0161	3	BG	mRNA
-1477	0.9916	0.0164	3	BG	mRNA
-1476	0.9943	0.0152	3	BG	mRNA
-1475	0.9958	0.0160	3	BG	mRNA
-1474	0.9925	0.0133	3	BG	mRNA
-1473	0.9933	0.0109	3	BG	mRNA
-1472	0.9955	0.0154	3	BG	mRNA
-1471	0.9930	0.0118	3	BG	mRNA
-1470	0.9945	0.0117	3	BG	mRNA
-1469	0.9944	0.0111	3	BG	mRNA
-1468	0.9926	0.0092	3	BG	mRNA
-1467	0.9941	0.0084	3	BG	mRNA
-1466	0.9974	0.0103	3	BG	mRNA
-1465	0.9938	0.0116	3	BG	mRNA
-1464	0.9960	0.0109	3	BG	mRNA
-1463	0.9979	0.0087	3	BG	mRNA
-1462	0.9977	0.0155	3	BG	mRNA
-1461	0.9988	0.0155	3	BG	mRNA
-1460	1.0011	0.0145	3	BG	mRNA
-1459	0.998	0.018	3	BG	mRNA
-1458	0.9998	0.0160	3	BG	mRNA
-1457	1.0026	0.0147	3	BG	mRNA
-1456	0.9998	0.0181	3	BG	mRNA
-1455	0.9989	0.0177	3	BG	mRNA
-1454	1.0015	0.0165	3	BG	mRNA
-1453	0.9977	0.0203	3	BG	mRNA
-1452	0.9977	0.0180	3	BG	mRNA
-1451	0.9998	0.0171	3	BG	mRNA
-1450	0.9982	0.0196	3	BG	mRNA
-1449	1.0014	0.0194	3	BG	mRNA
-1448	1.0037	0.0184	3	BG	mRNA
-1447	0.9997	0.0232	3	BG	mRNA
-1446	1.0001	0.0224	3	BG	mRNA
-1445	0.9994	0.0159	3	BG	mRNA
-1444	0.9961	0.0200	3	BG	mRNA
-1443	0.9985	0.0196	3	BG	mRNA
-1442	1.0024	0.0170	3	BG	mRNA
-1441	1.0002	0.0228	3	BG	mRNA
-1440	1.0022	0.0226	3	BG	mRNA
-1439	1.0137	0.0516	3	BG	mRNA
-1438	1.0093	0.0529	3	BG	mRNA
-1437	1.0113	0.0512	3	BG	mRNA
-1436	1.0138	0.0467	3	BG	mRNA
-1435	1.0024	0.0203	3	BG	mRNA
-1434	1.0027	0.0182	3	BG	mRNA
-1433	1.0071	0.0175	3	BG	mRNA
-1432	1.0027	0.0219	3	BG	mRNA
-1431	1.0041	0.0187	3	BG	mRNA
-1430	1.0064	0.0157	3	BG	mRNA
-1429	1.0036	0.0207	3	BG	mRNA
-1428	1.0044	0.0181	3	BG	mRNA
-1427	1.0055	0.0155	3	BG	mRNA
-1426	1.0021	0.0208	3	BG	mRNA
-1425	1.0023	0.0186	3	BG	mRNA
-1424	1.0042	0.0171	3	BG	mRNA
-1423	1.0025	0.0232	3	BG	mRNA
-1422	1.0044	0.0207	3	BG	mRNA
-1421	1.0061	0.0191	3	BG	mRNA
-1420	1.0028	0.0223	3	BG	mRNA
-1419	1.0046	0.0216	3	BG	mRNA
-1418	1.0074	0.0228	3	BG	mRNA
-1417	1.0022	0.0239	3	BG	mRNA
-1416	1.0041	0.0225	3	BG	mRNA
-1415	1.0072	0.0236	3	BG	mRNA
-1414	1.0017	0.0230	3	BG	mRNA
-1413	1.0008	0.0209	3	BG	mRNA
-1412	1.0028	0.0201	3	BG	mRNA
-1411	0.9979	0.0212	3	BG	mRNA
-1410	1.0002	0.0222	3	BG	mRNA
-1409	1.0035	0.0248	3	BG	mRNA
-1408	0.9991	0.0240	3	BG	mRNA
-1407	1.0003	0.0234	3	BG	mRNA
-1406	1.0009	0.0246	3	BG	mRNA
-1405	0.9965	0.0268	3	BG	mRNA
-1404	0.9967	0.0256	3	BG	mRNA
-1403	0.9987	0.0240	3	BG	mRNA
-1402	0.9966	0.0244	3	BG	mRNA
-1401	0.9976	0.0236	3	BG	mRNA
-1400	0.9988	0.0236	3	BG	mRNA
-1399	0.9952	0.0257	3	BG	mRNA
-1398	0.9964	0.0259	3	BG	mRNA
-1397	0.9995	0.0268	3	BG	mRNA
-1396	0.9968	0.0280	3	BG	mRNA
-1395	0.9983	0.0273	3	BG	mRNA
-1394	1.0007	0.0269	3	BG	mRNA
-1393	0.9979	0.0272	3	BG	mRNA
-1392	0.9982	0.0256	3	BG	mRNA
-1391	1.0003	0.0247	3	BG	mRNA
-1390	0.9969	0.0265	3	BG	mRNA
-1389	0.9988	0.0258	3	BG	mRNA
-1388	0.9997	0.0229	3	BG	mRNA
-1387	0.9963	0.0253	3	BG	mRNA
-1386	0.9981	0.0243	3	BG	mRNA
-1385	0.9999	0.0210	3	BG	mRNA
-1384	0.9960	0.0247	3	BG	mRNA
-1383	0.9969	0.0253	3	BG	mRNA
-1382	0.9985	0.0233	3	BG	mRNA
-1381	0.9956	0.0251	3	BG	mRNA
-1380	0.997	0.0213	3	BG	mRNA
-1379	1.0001	0.0196	3	BG	mRNA
-1378	0.9976	0.0238	3	BG	mRNA
-1377	0.9984	0.0223	3	BG	mRNA
-1376	1.0009	0.0196	3	BG	mRNA
-1375	0.9989	0.0244	3	BG	mRNA
-1374	1.0026	0.0236	3	BG	mRNA
-1373	1.0051	0.0208	3	BG	mRNA
-1372	1.0013	0.0255	3	BG	mRNA
-1371	1.0038	0.0242	3	BG	mRNA
-1370	1.0075	0.0213	3	BG	mRNA
-1369	1.0055	0.0246	3	BG	mRNA
-1368	1.0060	0.0226	3	BG	mRNA
-1367	1.0081	0.0213	3	BG	mRNA
-1366	1.0053	0.0256	3	BG	mRNA
-1365	1.0065	0.0249	3	BG	mRNA
-1364	1.0087	0.0227	3	BG	mRNA
-1363	1.0064	0.0267	3	BG	mRNA
-1362	1.0095	0.0266	3	BG	mRNA
-1361	1.0127	0.0242	3	BG	mRNA
-1360	1.0115	0.0277	3	BG	mRNA
-1359	1.0126	0.0271	3	BG	mRNA
-1358	1.0144	0.0232	3	BG	mRNA
-1357	1.011	0.027	3	BG	mRNA
-1356	1.0110	0.0255	3	BG	mRNA
-1355	1.0148	0.0237	3	BG	mRNA
-1354	1.0121	0.0268	3	BG	mRNA
-1353	1.0131	0.0246	3	BG	mRNA
-1352	1.0153	0.0229	3	BG	mRNA
-1351	1.0116	0.0275	3	BG	mRNA
-1350	1.0135	0.0273	3	BG	mRNA
-1349	1.0158	0.0259	3	BG	mRNA
-1348	1.0129	0.0300	3	BG	mRNA
-1347	1.0134	0.0292	3	BG	mRNA
-1346	1.0156	0.0270	3	BG	mRNA
-1345	1.0119	0.0309	3	BG	mRNA
-1344	1.0118	0.0279	3	BG	mRNA
-1343	1.0126	0.0253	3	BG	mRNA
-1342	1.0094	0.0297	3	BG	mRNA
-1341	1.0094	0.0289	3	BG	mRNA
-1340	1.0115	0.0267	3	BG	mRNA
-1339	1.0092	0.0293	3	BG	mRNA
-1338	1.0096	0.0259	3	BG	mRNA
-1337	1.0115	0.0255	3	BG	mRNA
-1336	1.0078	0.0268	3	BG	mRNA
-1335	1.0095	0.0243	3	BG	mRNA
-1334	1.0092	0.0225	3	BG	mRNA
-1333	1.0058	0.0224	3	BG	mRNA
-1332	1.0075	0.0219	3	BG	mRNA
-1331	1.0093	0.0216	3	BG	mRNA
-1330	1.0062	0.0239	3	BG	mRNA
-1329	1.0058	0.0231	3	BG	mRNA
-1328	1.0084	0.0219	3	BG	mRNA
-1327	1.0067	0.0216	3	BG	mRNA
-1326	1.0068	0.0212	3	BG	mRNA
-1325	1.0099	0.0212	3	BG	mRNA
-1324	1.0069	0.0244	3	BG	mRNA
-1323	1.0106	0.0236	3	BG	mRNA
-1322	1.0132	0.0237	3	BG	mRNA
-1321	1.0124	0.0262	3	BG	mRNA
-1320	1.0142	0.0259	3	BG	mRNA
-1319	1.0176	0.0269	3	BG	mRNA
-1318	1.0145	0.0293	3	BG	mRNA
-1317	1.0168	0.0284	3	BG	mRNA
-1316	1.0197	0.0300	3	BG	mRNA
-1315	1.0165	0.0312	3	BG	mRNA
-1314	1.0171	0.0305	3	BG	mRNA
-1313	1.0192	0.0297	3	BG	mRNA
-1312	1.0153	0.0309	3	BG	mRNA
-1311	1.0179	0.0302	3	BG	mRNA
-1310	1.0215	0.0313	3	BG	mRNA
-1309	1.0188	0.0335	3	BG	mRNA
-1308	1.0194	0.0327	3	BG	mRNA
-1307	1.0204	0.0295	3	BG	mRNA
-1306	1.0187	0.0320	3	BG	mRNA
-1305	1.0191	0.0314	3	BG	mRNA
-1304	1.0239	0.0322	3	BG	mRNA
-1303	1.0212	0.0348	3	BG	mRNA
-1302	1.0206	0.0328	3	BG	mRNA
-1301	1.0228	0.0322	3	BG	mRNA
-1300	1.0193	0.0340	3	BG	mRNA
-1299	1.0199	0.0319	3	BG	mRNA
-1298	1.0222	0.0304	3	BG	mRNA
-1297	1.0204	0.0341	3	BG	mRNA
-1296	1.0204	0.0344	3	BG	mRNA
-1295	1.0229	0.0335	3	BG	mRNA
-1294	1.0196	0.0345	3	BG	mRNA
-1293	1.0199	0.0331	3	BG	mRNA
-1292	1.0215	0.0319	3	BG	mRNA
-1291	1.0192	0.0339	3	BG	mRNA
-1290	1.0204	0.0333	3	BG	mRNA
-1289	1.0233	0.0321	3	BG	mRNA
-1288	1.0180	0.0347	3	BG	mRNA
-1287	1.0193	0.0347	3	BG	mRNA
-1286	1.0227	0.0327	3	BG	mRNA
-1285	1.0198	0.0347	3	BG	mRNA
-1284	1.0211	0.0336	3	BG	mRNA
-1283	1.0235	0.0322	3	BG	mRNA
-1282	1.0199	0.0352	3	BG	mRNA
-1281	1.0219	0.0357	3	BG	mRNA
-1280	1.0251	0.0346	3	BG	mRNA
-1279	1.0228	0.0371	3	BG	mRNA
-1278	1.0242	0.0373	3	BG	mRNA
-1277	1.0279	0.0345	3	BG	mRNA
-1276	1.0250	0.0377	3	BG	mRNA
-1275	1.0255	0.0362	3	BG	mRNA
-1274	1.0302	0.0339	3	BG	mRNA
-1273	1.0272	0.0367	3	BG	mRNA
-1272	1.0281	0.0358	3	BG	mRNA
-1271	1.0328	0.0348	3	BG	mRNA
-1270	1.0301	0.0377	3	BG	mRNA
-1269	1.0310	0.0377	3	BG	mRNA
-1268	1.0344	0.0362	3	BG	mRNA
-1267	1.0318	0.0395	3	BG	mRNA
-1266	1.0332	0.0397	3	BG	mRNA
-1265	1.0352	0.0376	3	BG	mRNA
-1264	1.0326	0.0403	3	BG	mRNA
-1263	1.0348	0.0405	3	BG	mRNA
-1262	1.0369	0.0412	3	BG	mRNA
-1261	1.0330	0.0446	3	BG	mRNA
-1260	1.0338	0.0434	3	BG	mRNA
-1259	1.0376	0.0420	3	BG	mRNA
-1258	1.0343	0.0451	3	BG	mRNA
-1257	1.0355	0.0447	3	BG	mRNA
-1256	1.0375	0.0422	3	BG	mRNA
-1255	1.0360	0.0464	3	BG	mRNA
-1254	1.0374	0.0449	3	BG	mRNA
-1253	1.0405	0.0431	3	BG	mRNA
-1252	1.0382	0.0464	3	BG	mRNA
-1251	1.0394	0.0461	3	BG	mRNA
-1250	1.0409	0.0421	3	BG	mRNA
-1249	1.0376	0.0448	3	BG	mRNA
-1248	1.0369	0.0440	3	BG	mRNA
-1247	1.0401	0.0429	3	BG	mRNA
-1246	1.0369	0.0473	3	BG	mRNA
-1245	1.0374	0.0457	3	BG	mRNA
-1244	1.0392	0.0432	3	BG	mRNA
-1243	1.0370	0.0485	3	BG	mRNA
-1242	1.0384	0.0485	3	BG	mRNA
-1241	1.0420	0.0461	3	BG	mRNA
-1240	1.037	0.049	3	BG	mRNA
-1239	1.0380	0.0477	3	BG	mRNA
-1238	1.0421	0.0457	3	BG	mRNA
-1237	1.0389	0.0491	3	BG	mRNA
-1236	1.0397	0.0480	3	BG	mRNA
-1235	1.0401	0.0440	3	BG	mRNA
-1234	1.0369	0.0506	3	BG	mRNA
-1233	1.0367	0.0496	3	BG	mRNA
-1232	1.0390	0.0457	3	BG	mRNA
-1231	1.0356	0.0488	3	BG	mRNA
-1230	1.0370	0.0472	3	BG	mRNA
-1229	1.0418	0.0460	3	BG	mRNA
-1228	1.0374	0.0490	3	BG	mRNA
-1227	1.0402	0.0481	3	BG	mRNA
-1226	1.0428	0.0451	3	BG	mRNA
-1225	1.0399	0.0498	3	BG	mRNA
-1224	1.0435	0.0512	3	BG	mRNA
-1223	1.0452	0.0492	3	BG	mRNA
-1222	1.0419	0.0553	3	BG	mRNA
-1221	1.0433	0.0544	3	BG	mRNA
-1220	1.0455	0.0503	3	BG	mRNA
-1219	1.0409	0.0551	3	BG	mRNA
-1218	1.0413	0.0544	3	BG	mRNA
-1217	1.0433	0.0507	3	BG	mRNA
-1216	1.0405	0.0576	3	BG	mRNA
-1215	1.0406	0.0553	3	BG	mRNA
-1214	1.0428	0.0511	3	BG	mRNA
-1213	1.0373	0.0558	3	BG	mRNA
-1212	1.0390	0.0544	3	BG	mRNA
-1211	1.0399	0.0490	3	BG	mRNA
-1210	1.0341	0.0534	3	BG	mRNA
-1209	1.0328	0.0503	3	BG	mRNA
-1208	1.0349	0.0457	3	BG	mRNA
-1207	1.0319	0.0519	3	BG	mRNA
-1206	1.0332	0.0523	3	BG	mRNA
-1205	1.0357	0.0486	3	BG	mRNA
-1204	1.0314	0.0538	3	BG	mRNA
-1203	1.0330	0.0524	3	BG	mRNA
-1202	1.0344	0.0468	3	BG	mRNA
-1201	1.0325	0.0532	3	BG	mRNA
-1200	1.0340	0.0522	3	BG	mRNA
-1199	1.0354	0.0490	3	BG	mRNA
-1198	1.0329	0.0545	3	BG	mRNA
-1197	1.0326	0.0507	3	BG	mRNA
-1196	1.0353	0.0477	3	BG	mRNA
-1195	1.0313	0.0526	3	BG	mRNA
-1194	1.0340	0.0503	3	BG	mRNA
-1193	1.0376	0.0463	3	BG	mRNA
-1192	1.0350	0.0509	3	BG	mRNA
-1191	1.0357	0.0494	3	BG	mRNA
-1190	1.0394	0.0458	3	BG	mRNA
-1189	1.0376	0.0497	3	BG	mRNA
-1188	1.0394	0.0483	3	BG	mRNA
-1187	1.0415	0.0457	3	BG	mRNA
-1186	1.0381	0.0497	3	BG	mRNA
-1185	1.0391	0.0496	3	BG	mRNA
-1184	1.0422	0.0468	3	BG	mRNA
-1183	1.0389	0.0528	3	BG	mRNA
-1182	1.0400	0.0525	3	BG	mRNA
-1181	1.043	0.049	3	BG	mRNA
-1180	1.0384	0.0556	3	BG	mRNA
-1179	1.0398	0.0522	3	BG	mRNA
-1178	1.0423	0.0488	3	BG	mRNA
-1177	1.0401	0.0545	3	BG	mRNA
-1176	1.0424	0.0540	3	BG	mRNA
-1175	1.0440	0.0485	3	BG	mRNA
-1174	1.0411	0.0543	3	BG	mRNA
-1173	1.0422	0.0529	3	BG	mRNA
-1172	1.0434	0.0498	3	BG	mRNA
-1171	1.0403	0.0553	3	BG	mRNA
-1170	1.0414	0.0561	3	BG	mRNA
-1169	1.0439	0.0536	3	BG	mRNA
-1168	1.0402	0.0579	3	BG	mRNA
-1167	1.0414	0.0577	3	BG	mRNA
-1166	1.0436	0.0548	3	BG	mRNA
-1165	1.0403	0.0585	3	BG	mRNA
-1164	1.0413	0.0582	3	BG	mRNA
-1163	1.0441	0.0549	3	BG	mRNA
-1162	1.0417	0.0601	3	BG	mRNA
-1161	1.0422	0.0573	3	BG	mRNA
-1160	1.0445	0.0534	3	BG	mRNA
-1159	1.0425	0.0586	3	BG	mRNA
-1158	1.0432	0.0584	3	BG	mRNA
-1157	1.0450	0.0544	3	BG	mRNA
-1156	1.0422	0.0587	3	BG	mRNA
-1155	1.0433	0.0581	3	BG	mRNA
-1154	1.0459	0.0548	3	BG	mRNA
-1153	1.0432	0.0601	3	BG	mRNA
-1152	1.0452	0.0594	3	BG	mRNA
-1151	1.0495	0.0547	3	BG	mRNA
-1150	1.0466	0.0603	3	BG	mRNA
-1149	1.0458	0.0578	3	BG	mRNA
-1148	1.0465	0.0567	3	BG	mRNA
-1147	1.0429	0.0630	3	BG	mRNA
-1146	1.0428	0.0619	3	BG	mRNA
-1145	1.0447	0.0572	3	BG	mRNA
-1144	1.0418	0.0628	3	BG	mRNA
-1143	1.0436	0.0622	3	BG	mRNA
-1142	1.0457	0.0584	3	BG	mRNA
-1141	1.0436	0.0622	3	BG	mRNA
-1140	1.0454	0.0625	3	BG	mRNA
-1139	1.0478	0.0576	3	BG	mRNA
-1138	1.0458	0.0629	3	BG	mRNA
-1137	1.0486	0.0608	3	BG	mRNA
-1136	1.0518	0.0578	3	BG	mRNA
-1135	1.0488	0.0613	3	BG	mRNA
-1134	1.0501	0.0603	3	BG	mRNA
-1133	1.0537	0.0575	3	BG	mRNA
-1132	1.0520	0.0626	3	BG	mRNA
-1131	1.0536	0.0613	3	BG	mRNA
-1130	1.0557	0.0586	3	BG	mRNA
-1129	1.0531	0.0631	3	BG	mRNA
-1128	1.0549	0.0627	3	BG	mRNA
-1127	1.0581	0.0588	3	BG	mRNA
-1126	1.0552	0.0628	3	BG	mRNA
-1125	1.0563	0.0617	3	BG	mRNA
-1124	1.0585	0.0584	3	BG	mRNA
-1123	1.0563	0.0639	3	BG	mRNA
-1122	1.0586	0.0643	3	BG	mRNA
-1121	1.0735	0.0695	3	BG	mRNA
-1120	1.0703	0.0704	3	BG	mRNA
-1119	1.0715	0.0699	3	BG	mRNA
-1118	1.0749	0.0672	3	BG	mRNA
-1117	1.0727	0.0717	3	BG	mRNA
-1116	1.0701	0.0709	3	BG	mRNA
-1115	1.0712	0.0670	3	BG	mRNA
-1114	1.0683	0.0728	3	BG	mRNA
-1113	1.0687	0.0733	3	BG	mRNA
-1112	1.0701	0.0697	3	BG	mRNA
-1111	1.0665	0.0745	3	BG	mRNA
-1110	1.0662	0.0728	3	BG	mRNA
-1109	1.0686	0.0686	3	BG	mRNA
-1108	1.0653	0.0751	3	BG	mRNA
-1107	1.0668	0.0733	3	BG	mRNA
-1106	1.0690	0.0693	3	BG	mRNA
-1105	1.0661	0.0746	3	BG	mRNA
-1104	1.0665	0.0729	3	BG	mRNA
-1103	1.0678	0.0689	3	BG	mRNA
-1102	1.0644	0.0744	3	BG	mRNA
-1101	1.0636	0.0739	3	BG	mRNA
-1100	1.0642	0.0691	3	BG	mRNA
-1099	1.0599	0.0739	3	BG	mRNA
-1098	1.0607	0.0719	3	BG	mRNA
-1097	1.0629	0.0685	3	BG	mRNA
-1096	1.0612	0.0752	3	BG	mRNA
-1095	1.0616	0.0752	3	BG	mRNA
-1094	1.0644	0.0695	3	BG	mRNA
-1093	1.0617	0.0734	3	BG	mRNA
-1092	1.0641	0.0712	3	BG	mRNA
-1091	1.0681	0.0665	3	BG	mRNA
-1090	1.0647	0.0711	3	BG	mRNA
-1089	1.0670	0.0709	3	BG	mRNA
-1088	1.0698	0.0671	3	BG	mRNA
-1087	1.0660	0.0721	3	BG	mRNA
-1086	1.0658	0.0703	3	BG	mRNA
-1085	1.0668	0.0667	3	BG	mRNA
-1084	1.0635	0.0709	3	BG	mRNA
-1083	1.0646	0.0695	3	BG	mRNA
-1082	1.0664	0.0652	3	BG	mRNA
-1081	1.0631	0.0696	3	BG	mRNA
-1080	1.0637	0.0672	3	BG	mRNA
-1079	1.0653	0.0646	3	BG	mRNA
-1078	1.0626	0.0703	3	BG	mRNA
-1077	1.0639	0.0695	3	BG	mRNA
-1076	1.0660	0.0661	3	BG	mRNA
-1075	1.0633	0.0717	3	BG	mRNA
-1074	1.0646	0.0708	3	BG	mRNA
-1073	1.0677	0.0670	3	BG	mRNA
-1072	1.0645	0.0716	3	BG	mRNA
-1071	1.0660	0.0692	3	BG	mRNA
-1070	1.0686	0.0644	3	BG	mRNA
-1069	1.0656	0.0703	3	BG	mRNA
-1068	1.0672	0.0688	3	BG	mRNA
-1067	1.0706	0.0662	3	BG	mRNA
-1066	1.0682	0.0697	3	BG	mRNA
-1065	1.0701	0.0702	3	BG	mRNA
-1064	1.0709	0.0682	3	BG	mRNA
-1063	1.0685	0.0721	3	BG	mRNA
-1062	1.0684	0.0703	3	BG	mRNA
-1061	1.0706	0.0657	3	BG	mRNA
-1060	1.0675	0.0696	3	BG	mRNA
-1059	1.0697	0.0676	3	BG	mRNA
-1058	1.0722	0.0657	3	BG	mRNA
-1057	1.0686	0.0701	3	BG	mRNA
-1056	1.0695	0.0701	3	BG	mRNA
-1055	1.0729	0.0655	3	BG	mRNA
-1054	1.0701	0.0717	3	BG	mRNA
-1053	1.0718	0.0710	3	BG	mRNA
-1052	1.0735	0.0684	3	BG	mRNA
-1051	1.0713	0.0733	3	BG	mRNA
-1050	1.0733	0.0743	3	BG	mRNA
-1049	1.0741	0.0709	3	BG	mRNA
-1048	1.0715	0.0762	3	BG	mRNA
-1047	1.0719	0.0743	3	BG	mRNA
-1046	1.0736	0.0704	3	BG	mRNA
-1045	1.0694	0.0760	3	BG	mRNA
-1044	1.0701	0.0760	3	BG	mRNA
-1043	1.0731	0.0728	3	BG	mRNA
-1042	1.0703	0.0791	3	BG	mRNA
-1041	1.0709	0.0793	3	BG	mRNA
-1040	1.0735	0.0747	3	BG	mRNA
-1039	1.0714	0.0800	3	BG	mRNA
-1038	1.0732	0.0774	3	BG	mRNA
-1037	1.0766	0.0726	3	BG	mRNA
-1036	1.0738	0.0767	3	BG	mRNA
-1035	1.0789	0.0783	3	BG	mRNA
-1034	1.0823	0.0761	3	BG	mRNA
-1033	1.0787	0.0826	3	BG	mRNA
-1032	1.0788	0.0797	3	BG	mRNA
-1031	1.0809	0.0767	3	BG	mRNA
-1030	1.0780	0.0817	3	BG	mRNA
-1029	1.0783	0.0795	3	BG	mRNA
-1028	1.0801	0.0761	3	BG	mRNA
-1027	1.0760	0.0814	3	BG	mRNA
-1026	1.0772	0.0798	3	BG	mRNA
-1025	1.0796	0.0756	3	BG	mRNA
-1024	1.0786	0.0815	3	BG	mRNA
-1023	1.0791	0.0793	3	BG	mRNA
-1022	1.0811	0.0757	3	BG	mRNA
-1021	1.0798	0.0827	3	BG	mRNA
-1020	1.0806	0.0813	3	BG	mRNA
-1019	1.0831	0.0776	3	BG	mRNA
-1018	1.0799	0.0833	3	BG	mRNA
-1017	1.0826	0.0822	3	BG	mRNA
-1016	1.0857	0.0784	3	BG	mRNA
-1015	1.0830	0.0845	3	BG	mRNA
-1014	1.0851	0.0838	3	BG	mRNA
-1013	1.0874	0.0787	3	BG	mRNA
-1012	1.0839	0.0835	3	BG	mRNA
-1011	1.0849	0.0820	3	BG	mRNA
-1010	1.0872	0.0781	3	BG	mRNA
-1009	1.0820	0.0837	3	BG	mRNA
-1008	1.0833	0.0814	3	BG	mRNA
-1007	1.0859	0.0787	3	BG	mRNA
-1006	1.0837	0.0838	3	BG	mRNA
-1005	1.0836	0.0813	3	BG	mRNA
-1004	1.0861	0.0781	3	BG	mRNA
-1003	1.0835	0.0827	3	BG	mRNA
-1002	1.0839	0.0811	3	BG	mRNA
-1001	1.0864	0.0790	3	BG	mRNA
-1000	1.0839	0.0845	3	BG	mRNA
-999	1.0854	0.0828	3	BG	mRNA
-998	1.0884	0.0788	3	BG	mRNA
-997	1.0849	0.0836	3	BG	mRNA
-996	1.0873	0.0832	3	BG	mRNA
-995	1.0886	0.0806	3	BG	mRNA
-994	1.0853	0.0849	3	BG	mRNA
-993	1.0858	0.0844	3	BG	mRNA
-992	1.0875	0.0812	3	BG	mRNA
-991	1.0861	0.0865	3	BG	mRNA
-990	1.0860	0.0863	3	BG	mRNA
-989	1.0866	0.0830	3	BG	mRNA
-988	1.0839	0.0884	3	BG	mRNA
-987	1.0852	0.0867	3	BG	mRNA
-986	1.0871	0.0832	3	BG	mRNA
-985	1.0841	0.0886	3	BG	mRNA
-984	1.0854	0.0863	3	BG	mRNA
-983	1.0873	0.0829	3	BG	mRNA
-982	1.0850	0.0892	3	BG	mRNA
-981	1.0863	0.0873	3	BG	mRNA
-980	1.0880	0.0848	3	BG	mRNA
-979	1.0852	0.0892	3	BG	mRNA
-978	1.0867	0.0886	3	BG	mRNA
-977	1.0890	0.0839	3	BG	mRNA
-976	1.0875	0.0889	3	BG	mRNA
-975	1.0890	0.0875	3	BG	mRNA
-974	1.0922	0.0864	3	BG	mRNA
-973	1.0895	0.0922	3	BG	mRNA
-972	1.0915	0.0917	3	BG	mRNA
-971	1.0936	0.0890	3	BG	mRNA
-970	1.0909	0.0937	3	BG	mRNA
-969	1.0915	0.0911	3	BG	mRNA
-968	1.0976	0.0877	3	BG	mRNA
-967	1.0941	0.0936	3	BG	mRNA
-966	1.0956	0.0925	3	BG	mRNA
-965	1.0989	0.0892	3	BG	mRNA
-964	1.0961	0.0943	3	BG	mRNA
-963	1.0981	0.0948	3	BG	mRNA
-962	1.1008	0.0910	3	BG	mRNA
-961	1.0976	0.0964	3	BG	mRNA
-960	1.0993	0.0950	3	BG	mRNA
-959	1.1013	0.0906	3	BG	mRNA
-958	1.0982	0.0964	3	BG	mRNA
-957	1.0976	0.0953	3	BG	mRNA
-956	1.0998	0.0916	3	BG	mRNA
-955	1.0983	0.0978	3	BG	mRNA
-954	1.0987	0.0974	3	BG	mRNA
-953	1.1031	0.0927	3	BG	mRNA
-952	1.1000	0.0979	3	BG	mRNA
-951	1.0991	0.0952	3	BG	mRNA
-950	1.0998	0.0913	3	BG	mRNA
-949	1.0963	0.0955	3	BG	mRNA
-948	1.0984	0.0942	3	BG	mRNA
-947	1.1002	0.0905	3	BG	mRNA
-946	1.0992	0.0962	3	BG	mRNA
-945	1.1017	0.0961	3	BG	mRNA
-944	1.1029	0.0917	3	BG	mRNA
-943	1.0995	0.0968	3	BG	mRNA
-942	1.1007	0.0957	3	BG	mRNA
-941	1.1034	0.0934	3	BG	mRNA
-940	1.1002	0.0988	3	BG	mRNA
-939	1.0997	0.0966	3	BG	mRNA
-938	1.1011	0.0932	3	BG	mRNA
-937	1.0992	0.0980	3	BG	mRNA
-936	1.0991	0.0968	3	BG	mRNA
-935	1.1011	0.0927	3	BG	mRNA
-934	1.0980	0.0958	3	BG	mRNA
-933	1.0996	0.0951	3	BG	mRNA
-932	1.1016	0.0914	3	BG	mRNA
-931	1.0997	0.0976	3	BG	mRNA
-930	1.1023	0.0975	3	BG	mRNA
-929	1.1071	0.0938	3	BG	mRNA
-928	1.1050	0.0986	3	BG	mRNA
-927	1.1069	0.0977	3	BG	mRNA
-926	1.1108	0.0937	3	BG	mRNA
-925	1.1066	0.0984	3	BG	mRNA
-924	1.1084	0.0976	3	BG	mRNA
-923	1.112	0.094	3	BG	mRNA
-922	1.1107	0.0988	3	BG	mRNA
-921	1.1116	0.0972	3	BG	mRNA
-920	1.114	0.093	3	BG	mRNA
-919	1.1113	0.0988	3	BG	mRNA
-918	1.1116	0.0975	3	BG	mRNA
-917	1.1142	0.0941	3	BG	mRNA
-916	1.1115	0.1002	3	BG	mRNA
-915	1.1124	0.0990	3	BG	mRNA
-914	1.1142	0.0981	3	BG	mRNA
-913	1.1105	0.1023	3	BG	mRNA
-912	1.1114	0.1013	3	BG	mRNA
-911	1.1134	0.0981	3	BG	mRNA
-910	1.1121	0.1034	3	BG	mRNA
-909	1.1128	0.1015	3	BG	mRNA
-908	1.1146	0.0986	3	BG	mRNA
-907	1.1121	0.1037	3	BG	mRNA
-906	1.1123	0.1036	3	BG	mRNA
-905	1.1135	0.0996	3	BG	mRNA
-904	1.1107	0.1044	3	BG	mRNA
-903	1.1116	0.1038	3	BG	mRNA
-902	1.1137	0.1010	3	BG	mRNA
-901	1.112	0.106	3	BG	mRNA
-900	1.1127	0.1041	3	BG	mRNA
-899	1.1151	0.1004	3	BG	mRNA
-898	1.1131	0.1048	3	BG	mRNA
-897	1.1146	0.1051	3	BG	mRNA
-896	1.1214	0.1057	3	BG	mRNA
-895	1.1187	0.1089	3	BG	mRNA
-894	1.1185	0.1091	3	BG	mRNA
-893	1.1197	0.1056	3	BG	mRNA
-892	1.1154	0.1090	3	BG	mRNA
-891	1.1153	0.1084	3	BG	mRNA
-890	1.1173	0.1043	3	BG	mRNA
-889	1.1142	0.1092	3	BG	mRNA
-888	1.1152	0.1085	3	BG	mRNA
-887	1.1166	0.1034	3	BG	mRNA
-886	1.1139	0.1083	3	BG	mRNA
-885	1.1145	0.1072	3	BG	mRNA
-884	1.1166	0.1047	3	BG	mRNA
-883	1.1131	0.1091	3	BG	mRNA
-882	1.1150	0.1087	3	BG	mRNA
-881	1.1171	0.1059	3	BG	mRNA
-880	1.1153	0.1105	3	BG	mRNA
-879	1.1154	0.1099	3	BG	mRNA
-878	1.1191	0.1066	3	BG	mRNA
-877	1.1167	0.1123	3	BG	mRNA
-876	1.1190	0.1114	3	BG	mRNA
-875	1.1210	0.1091	3	BG	mRNA
-874	1.1179	0.1147	3	BG	mRNA
-873	1.1179	0.1141	3	BG	mRNA
-872	1.1205	0.1115	3	BG	mRNA
-871	1.1168	0.1160	3	BG	mRNA
-870	1.1170	0.1162	3	BG	mRNA
-869	1.120	0.113	3	BG	mRNA
-868	1.1173	0.1180	3	BG	mRNA
-867	1.1179	0.1162	3	BG	mRNA
-866	1.1200	0.1134	3	BG	mRNA
-865	1.1169	0.1185	3	BG	mRNA
-864	1.1177	0.1172	3	BG	mRNA
-863	1.1196	0.1147	3	BG	mRNA
-862	1.1171	0.1209	3	BG	mRNA
-861	1.1181	0.1195	3	BG	mRNA
-860	1.1200	0.1164	3	BG	mRNA
-859	1.1162	0.1202	3	BG	mRNA
-858	1.1172	0.1190	3	BG	mRNA
-857	1.1180	0.1155	3	BG	mRNA
-856	1.1148	0.1190	3	BG	mRNA
-855	1.1156	0.1172	3	BG	mRNA
-854	1.1168	0.1129	3	BG	mRNA
-853	1.1139	0.1170	3	BG	mRNA
-852	1.1152	0.1156	3	BG	mRNA
-851	1.1158	0.1113	3	BG	mRNA
-850	1.1134	0.1159	3	BG	mRNA
-849	1.1154	0.1147	3	BG	mRNA
-848	1.1174	0.1111	3	BG	mRNA
-847	1.1144	0.1166	3	BG	mRNA
-846	1.1140	0.1151	3	BG	mRNA
-845	1.1163	0.1115	3	BG	mRNA
-844	1.1149	0.1170	3	BG	mRNA
-843	1.1171	0.1153	3	BG	mRNA
-842	1.1192	0.1112	3	BG	mRNA
-841	1.1155	0.1174	3	BG	mRNA
-840	1.1176	0.1162	3	BG	mRNA
-839	1.1197	0.1130	3	BG	mRNA
-838	1.1175	0.1175	3	BG	mRNA
-837	1.1189	0.1160	3	BG	mRNA
-836	1.1199	0.1118	3	BG	mRNA
-835	1.1182	0.1180	3	BG	mRNA
-834	1.1195	0.1160	3	BG	mRNA
-833	1.1216	0.1115	3	BG	mRNA
-832	1.1189	0.1161	3	BG	mRNA
-831	1.1206	0.1154	3	BG	mRNA
-830	1.1226	0.1127	3	BG	mRNA
-829	1.1200	0.1167	3	BG	mRNA
-828	1.1216	0.1164	3	BG	mRNA
-827	1.1253	0.1137	3	BG	mRNA
-826	1.1238	0.1190	3	BG	mRNA
-825	1.1255	0.1196	3	BG	mRNA
-824	1.1277	0.1167	3	BG	mRNA
-823	1.1258	0.1222	3	BG	mRNA
-822	1.1267	0.1222	3	BG	mRNA
-821	1.1292	0.1184	3	BG	mRNA
-820	1.1269	0.1240	3	BG	mRNA
-819	1.1283	0.1239	3	BG	mRNA
-818	1.1302	0.1201	3	BG	mRNA
-817	1.1284	0.1261	3	BG	mRNA
-816	1.1300	0.1247	3	BG	mRNA
-815	1.1324	0.1219	3	BG	mRNA
-814	1.1312	0.1264	3	BG	mRNA
-813	1.1330	0.1245	3	BG	mRNA
-812	1.1364	0.1202	3	BG	mRNA
-811	1.1342	0.1242	3	BG	mRNA
-810	1.1358	0.1246	3	BG	mRNA
-809	1.1363	0.1217	3	BG	mRNA
-808	1.1348	0.1278	3	BG	mRNA
-807	1.1341	0.1279	3	BG	mRNA
-806	1.1375	0.1258	3	BG	mRNA
-805	1.1358	0.1322	3	BG	mRNA
-804	1.1361	0.1312	3	BG	mRNA
-803	1.1377	0.1292	3	BG	mRNA
-802	1.1355	0.1348	3	BG	mRNA
-801	1.1378	0.1353	3	BG	mRNA
-800	1.1394	0.1313	3	BG	mRNA
-799	1.1372	0.1364	3	BG	mRNA
-798	1.1375	0.1355	3	BG	mRNA
-797	1.1399	0.1312	3	BG	mRNA
-796	1.1377	0.1366	3	BG	mRNA
-795	1.1396	0.1357	3	BG	mRNA
-794	1.1418	0.1315	3	BG	mRNA
-793	1.1377	0.1368	3	BG	mRNA
-792	1.1389	0.1354	3	BG	mRNA
-791	1.1422	0.1314	3	BG	mRNA
-790	1.1410	0.1369	3	BG	mRNA
-789	1.1415	0.1353	3	BG	mRNA
-788	1.1441	0.1319	3	BG	mRNA
-787	1.1418	0.1374	3	BG	mRNA
-786	1.1431	0.1361	3	BG	mRNA
-785	1.1436	0.1311	3	BG	mRNA
-784	1.1417	0.1375	3	BG	mRNA
-783	1.1418	0.1366	3	BG	mRNA
-782	1.1441	0.1326	3	BG	mRNA
-781	1.1418	0.1386	3	BG	mRNA
-780	1.1423	0.1370	3	BG	mRNA
-779	1.1446	0.1335	3	BG	mRNA
-778	1.1423	0.1388	3	BG	mRNA
-777	1.1439	0.1380	3	BG	mRNA
-776	1.1470	0.1354	3	BG	mRNA
-775	1.1439	0.1396	3	BG	mRNA
-774	1.1451	0.1371	3	BG	mRNA
-773	1.1471	0.1345	3	BG	mRNA
-772	1.1451	0.1395	3	BG	mRNA
-771	1.1452	0.1388	3	BG	mRNA
-770	1.1474	0.1355	3	BG	mRNA
-769	1.1447	0.1396	3	BG	mRNA
-768	1.1451	0.1386	3	BG	mRNA
-767	1.1477	0.1356	3	BG	mRNA
-766	1.1462	0.1406	3	BG	mRNA
-765	1.1469	0.1383	3	BG	mRNA
-764	1.1484	0.1334	3	BG	mRNA
-763	1.1463	0.1392	3	BG	mRNA
-762	1.1480	0.1388	3	BG	mRNA
-761	1.1506	0.1362	3	BG	mRNA
-760	1.1478	0.1414	3	BG	mRNA
-759	1.1479	0.1405	3	BG	mRNA
-758	1.1497	0.1369	3	BG	mRNA
-757	1.1462	0.1419	3	BG	mRNA
-756	1.1483	0.1414	3	BG	mRNA
-755	1.1497	0.1382	3	BG	mRNA
-754	1.1473	0.1442	3	BG	mRNA
-753	1.1500	0.1436	3	BG	mRNA
-752	1.1515	0.1402	3	BG	mRNA
-751	1.1488	0.1466	3	BG	mRNA
-750	1.1486	0.1463	3	BG	mRNA
-749	1.1512	0.1420	3	BG	mRNA
-748	1.1507	0.1476	3	BG	mRNA
-747	1.1513	0.1465	3	BG	mRNA
-746	1.1535	0.1441	3	BG	mRNA
-745	1.1513	0.1487	3	BG	mRNA
-744	1.1525	0.1480	3	BG	mRNA
-743	1.1558	0.1450	3	BG	mRNA
-742	1.1531	0.1504	3	BG	mRNA
-741	1.1536	0.1495	3	BG	mRNA
-740	1.1552	0.1448	3	BG	mRNA
-739	1.1527	0.1505	3	BG	mRNA
-738	1.1535	0.1500	3	BG	mRNA
-737	1.1546	0.1452	3	BG	mRNA
-736	1.1508	0.1507	3	BG	mRNA
-735	1.1514	0.1494	3	BG	mRNA
-734	1.1532	0.1457	3	BG	mRNA
-733	1.1510	0.1521	3	BG	mRNA
-732	1.1531	0.1522	3	BG	mRNA
-731	1.1549	0.1496	3	BG	mRNA
-730	1.1526	0.1550	3	BG	mRNA
-729	1.1525	0.1537	3	BG	mRNA
-728	1.1558	0.1512	3	BG	mRNA
-727	1.1531	0.1562	3	BG	mRNA
-726	1.1539	0.1555	3	BG	mRNA
-725	1.1574	0.1523	3	BG	mRNA
-724	1.1556	0.1573	3	BG	mRNA
-723	1.1570	0.1563	3	BG	mRNA
-722	1.1590	0.1527	3	BG	mRNA
-721	1.1572	0.1586	3	BG	mRNA
-720	1.1583	0.1586	3	BG	mRNA
-719	1.1624	0.1580	3	BG	mRNA
-718	1.1602	0.1617	3	BG	mRNA
-717	1.1615	0.1614	3	BG	mRNA
-716	1.1640	0.1594	3	BG	mRNA
-715	1.1618	0.1639	3	BG	mRNA
-714	1.1635	0.1649	3	BG	mRNA
-713	1.1659	0.1621	3	BG	mRNA
-712	1.1627	0.1673	3	BG	mRNA
-711	1.1632	0.1664	3	BG	mRNA
-710	1.1653	0.1632	3	BG	mRNA
-709	1.1637	0.1694	3	BG	mRNA
-708	1.1661	0.1701	3	BG	mRNA
-707	1.1678	0.1676	3	BG	mRNA
-706	1.1644	0.1736	3	BG	mRNA
-705	1.1660	0.1722	3	BG	mRNA
-704	1.1684	0.1685	3	BG	mRNA
-703	1.1656	0.1736	3	BG	mRNA
-702	1.1663	0.1729	3	BG	mRNA
-701	1.1678	0.1675	3	BG	mRNA
-700	1.1655	0.1731	3	BG	mRNA
-699	1.1671	0.1724	3	BG	mRNA
-698	1.1692	0.1683	3	BG	mRNA
-697	1.1673	0.1733	3	BG	mRNA
-696	1.1675	0.1728	3	BG	mRNA
-695	1.1703	0.1684	3	BG	mRNA
-694	1.1690	0.1727	3	BG	mRNA
-693	1.1702	0.1712	3	BG	mRNA
-692	1.1731	0.1689	3	BG	mRNA
-691	1.1704	0.1742	3	BG	mRNA
-690	1.1718	0.1736	3	BG	mRNA
-689	1.1735	0.1697	3	BG	mRNA
-688	1.1709	0.1720	3	BG	mRNA
-687	1.1725	0.1717	3	BG	mRNA
-686	1.1763	0.1680	3	BG	mRNA
-685	1.1750	0.1722	3	BG	mRNA
-684	1.1767	0.1711	3	BG	mRNA
-683	1.179	0.167	3	BG	mRNA
-682	1.1769	0.1711	3	BG	mRNA
-681	1.1786	0.1694	3	BG	mRNA
-680	1.1808	0.1655	3	BG	mRNA
-679	1.1770	0.1703	3	BG	mRNA
-678	1.1787	0.1695	3	BG	mRNA
-677	1.1806	0.1657	3	BG	mRNA
-676	1.1783	0.1712	3	BG	mRNA
-675	1.1799	0.1706	3	BG	mRNA
-674	1.1821	0.1655	3	BG	mRNA
-673	1.1822	0.1716	3	BG	mRNA
-672	1.1821	0.1706	3	BG	mRNA
-671	1.1842	0.1661	3	BG	mRNA
-670	1.1820	0.1709	3	BG	mRNA
-669	1.1839	0.1700	3	BG	mRNA
-668	1.1863	0.1671	3	BG	mRNA
-667	1.1829	0.1727	3	BG	mRNA
-666	1.1836	0.1722	3	BG	mRNA
-665	1.1863	0.1691	3	BG	mRNA
-664	1.1840	0.1741	3	BG	mRNA
-663	1.1848	0.1736	3	BG	mRNA
-662	1.1870	0.1701	3	BG	mRNA
-661	1.1842	0.1758	3	BG	mRNA
-660	1.1854	0.1754	3	BG	mRNA
-659	1.1873	0.1718	3	BG	mRNA
-658	1.1854	0.1766	3	BG	mRNA
-657	1.1864	0.1756	3	BG	mRNA
-656	1.1885	0.1720	3	BG	mRNA
-655	1.1865	0.1779	3	BG	mRNA
-654	1.1876	0.1778	3	BG	mRNA
-653	1.1888	0.1745	3	BG	mRNA
-652	1.1873	0.1805	3	BG	mRNA
-651	1.1876	0.1807	3	BG	mRNA
-650	1.1901	0.1775	3	BG	mRNA
-649	1.1877	0.1835	3	BG	mRNA
-648	1.1896	0.1814	3	BG	mRNA
-647	1.1914	0.1790	3	BG	mRNA
-646	1.1894	0.1850	3	BG	mRNA
-645	1.1898	0.1853	3	BG	mRNA
-644	1.1928	0.1824	3	BG	mRNA
-643	1.1903	0.1905	3	BG	mRNA
-642	1.1920	0.1894	3	BG	mRNA
-641	1.1938	0.1853	3	BG	mRNA
-640	1.1940	0.1916	3	BG	mRNA
-639	1.1947	0.1892	3	BG	mRNA
-638	1.1966	0.1864	3	BG	mRNA
-637	1.1936	0.1916	3	BG	mRNA
-636	1.1939	0.1914	3	BG	mRNA
-635	1.1961	0.1869	3	BG	mRNA
-634	1.1939	0.1920	3	BG	mRNA
-633	1.1949	0.1917	3	BG	mRNA
-632	1.1964	0.1883	3	BG	mRNA
-631	1.1931	0.1930	3	BG	mRNA
-630	1.1944	0.1910	3	BG	mRNA
-629	1.1971	0.1876	3	BG	mRNA
-628	1.1949	0.1923	3	BG	mRNA
-627	1.1960	0.1912	3	BG	mRNA
-626	1.1977	0.1876	3	BG	mRNA
-625	1.1958	0.1918	3	BG	mRNA
-624	1.1958	0.1897	3	BG	mRNA
-623	1.1989	0.1883	3	BG	mRNA
-622	1.1965	0.1935	3	BG	mRNA
-621	1.1989	0.1937	3	BG	mRNA
-620	1.2021	0.1912	3	BG	mRNA
-619	1.1989	0.1964	3	BG	mRNA
-618	1.2001	0.1952	3	BG	mRNA
-617	1.2025	0.1918	3	BG	mRNA
-616	1.2016	0.1965	3	BG	mRNA
-615	1.2020	0.1948	3	BG	mRNA
-614	1.2032	0.1914	3	BG	mRNA
-613	1.2036	0.1977	3	BG	mRNA
-612	1.2035	0.1957	3	BG	mRNA
-611	1.2054	0.1918	3	BG	mRNA
-610	1.2025	0.1977	3	BG	mRNA
-609	1.2042	0.1960	3	BG	mRNA
-608	1.2066	0.1921	3	BG	mRNA
-607	1.2040	0.1977	3	BG	mRNA
-606	1.2053	0.1972	3	BG	mRNA
-605	1.2077	0.1950	3	BG	mRNA
-604	1.2053	0.2002	3	BG	mRNA
-603	1.2072	0.2005	3	BG	mRNA
-602	1.2106	0.1980	3	BG	mRNA
-601	1.2085	0.2028	3	BG	mRNA
-600	1.2101	0.2029	3	BG	mRNA
-599	1.2128	0.2008	3	BG	mRNA
-598	1.2098	0.2060	3	BG	mRNA
-597	1.2117	0.2068	3	BG	mRNA
-596	1.2118	0.2037	3	BG	mRNA
-595	1.2096	0.2084	3	BG	mRNA
-594	1.2114	0.2073	3	BG	mRNA
-593	1.2132	0.2025	3	BG	mRNA
-592	1.2113	0.2085	3	BG	mRNA
-591	1.2119	0.2083	3	BG	mRNA
-590	1.2131	0.2054	3	BG	mRNA
-589	1.2112	0.2110	3	BG	mRNA
-588	1.2123	0.2104	3	BG	mRNA
-587	1.2139	0.2073	3	BG	mRNA
-586	1.2118	0.2115	3	BG	mRNA
-585	1.2131	0.2105	3	BG	mRNA
-584	1.2145	0.2070	3	BG	mRNA
-583	1.2135	0.2128	3	BG	mRNA
-582	1.2145	0.2119	3	BG	mRNA
-581	1.2157	0.2075	3	BG	mRNA
-580	1.2136	0.2133	3	BG	mRNA
-579	1.2164	0.2130	3	BG	mRNA
-578	1.2188	0.2097	3	BG	mRNA
-577	1.2168	0.2144	3	BG	mRNA
-576	1.2198	0.2140	3	BG	mRNA
-575	1.2209	0.2113	3	BG	mRNA
-574	1.2187	0.2170	3	BG	mRNA
-573	1.2190	0.2165	3	BG	mRNA
-572	1.2221	0.2119	3	BG	mRNA
-571	1.2183	0.2157	3	BG	mRNA
-570	1.2193	0.2149	3	BG	mRNA
-569	1.2205	0.2125	3	BG	mRNA
-568	1.219	0.217	3	BG	mRNA
-567	1.2204	0.2166	3	BG	mRNA
-566	1.2209	0.2126	3	BG	mRNA
-565	1.2195	0.2180	3	BG	mRNA
-564	1.2223	0.2173	3	BG	mRNA
-563	1.2246	0.2141	3	BG	mRNA
-562	1.2239	0.2184	3	BG	mRNA
-561	1.2254	0.2167	3	BG	mRNA
-560	1.2277	0.2130	3	BG	mRNA
-559	1.2269	0.2178	3	BG	mRNA
-558	1.2285	0.2164	3	BG	mRNA
-557	1.2304	0.2139	3	BG	mRNA
-556	1.2285	0.2189	3	BG	mRNA
-555	1.2291	0.2187	3	BG	mRNA
-554	1.2311	0.2154	3	BG	mRNA
-553	1.2294	0.2202	3	BG	mRNA
-552	1.2297	0.2183	3	BG	mRNA
-551	1.2310	0.2144	3	BG	mRNA
-550	1.2307	0.2190	3	BG	mRNA
-549	1.2321	0.2195	3	BG	mRNA
-548	1.2353	0.2162	3	BG	mRNA
-547	1.2341	0.2208	3	BG	mRNA
-546	1.2356	0.2203	3	BG	mRNA
-545	1.2379	0.2173	3	BG	mRNA
-544	1.2356	0.2212	3	BG	mRNA
-543	1.2377	0.2211	3	BG	mRNA
-542	1.2398	0.2196	3	BG	mRNA
-541	1.2378	0.2253	3	BG	mRNA
-540	1.2397	0.2250	3	BG	mRNA
-539	1.2412	0.2210	3	BG	mRNA
-538	1.2395	0.2259	3	BG	mRNA
-537	1.2409	0.2261	3	BG	mRNA
-536	1.2428	0.2229	3	BG	mRNA
-535	1.2397	0.2271	3	BG	mRNA
-534	1.2418	0.2270	3	BG	mRNA
-533	1.2438	0.2245	3	BG	mRNA
-532	1.2422	0.2304	3	BG	mRNA
-531	1.2436	0.2299	3	BG	mRNA
-530	1.2452	0.2281	3	BG	mRNA
-529	1.2428	0.2321	3	BG	mRNA
-528	1.2441	0.2327	3	BG	mRNA
-527	1.2471	0.2303	3	BG	mRNA
-526	1.2439	0.2360	3	BG	mRNA
-525	1.2451	0.2361	3	BG	mRNA
-524	1.2472	0.2329	3	BG	mRNA
-523	1.2448	0.2378	3	BG	mRNA
-522	1.2445	0.2371	3	BG	mRNA
-521	1.2475	0.2336	3	BG	mRNA
-520	1.2451	0.2386	3	BG	mRNA
-519	1.2447	0.2375	3	BG	mRNA
-518	1.2472	0.2359	3	BG	mRNA
-517	1.2463	0.2418	3	BG	mRNA
-516	1.2467	0.2415	3	BG	mRNA
-515	1.2492	0.2368	3	BG	mRNA
-514	1.2492	0.2424	3	BG	mRNA
-513	1.2518	0.2429	3	BG	mRNA
-512	1.2540	0.2397	3	BG	mRNA
-511	1.2516	0.2446	3	BG	mRNA
-510	1.2526	0.2450	3	BG	mRNA
-509	1.2549	0.2427	3	BG	mRNA
-508	1.2536	0.2489	3	BG	mRNA
-507	1.2541	0.2494	3	BG	mRNA
-506	1.2561	0.2453	3	BG	mRNA
-505	1.2536	0.2495	3	BG	mRNA
-504	1.2554	0.2508	3	BG	mRNA
-503	1.2584	0.2464	3	BG	mRNA
-502	1.2546	0.2501	3	BG	mRNA
-501	1.2556	0.2489	3	BG	mRNA
-500	1.2580	0.2466	3	BG	mRNA
-499	1.2551	0.2516	3	BG	mRNA
-498	1.2556	0.2496	3	BG	mRNA
-497	1.2576	0.2469	3	BG	mRNA
-496	1.2546	0.2515	3	BG	mRNA
-495	1.2549	0.2518	3	BG	mRNA
-494	1.2587	0.2488	3	BG	mRNA
-493	1.2557	0.2529	3	BG	mRNA
-492	1.2558	0.2518	3	BG	mRNA
-491	1.2556	0.2476	3	BG	mRNA
-490	1.2540	0.2528	3	BG	mRNA
-489	1.2541	0.2517	3	BG	mRNA
-488	1.2575	0.2489	3	BG	mRNA
-487	1.2538	0.2529	3	BG	mRNA
-486	1.2558	0.2522	3	BG	mRNA
-485	1.2570	0.2493	3	BG	mRNA
-484	1.2536	0.2550	3	BG	mRNA
-483	1.2557	0.2553	3	BG	mRNA
-482	1.2588	0.2518	3	BG	mRNA
-481	1.2568	0.2575	3	BG	mRNA
-480	1.2588	0.2573	3	BG	mRNA
-479	1.2620	0.2537	3	BG	mRNA
-478	1.2597	0.2585	3	BG	mRNA
-477	1.2613	0.2572	3	BG	mRNA
-476	1.2629	0.2534	3	BG	mRNA
-475	1.2617	0.2592	3	BG	mRNA
-474	1.2622	0.2584	3	BG	mRNA
-473	1.2644	0.2561	3	BG	mRNA
-472	1.261	0.260	3	BG	mRNA
-471	1.2636	0.2589	3	BG	mRNA
-470	1.2658	0.2570	3	BG	mRNA
-469	1.2640	0.2626	3	BG	mRNA
-468	1.2669	0.2628	3	BG	mRNA
-467	1.2685	0.2606	3	BG	mRNA
-466	1.2669	0.2657	3	BG	mRNA
-465	1.2681	0.2648	3	BG	mRNA
-464	1.2704	0.2629	3	BG	mRNA
-463	1.2692	0.2670	3	BG	mRNA
-462	1.2710	0.2667	3	BG	mRNA
-461	1.2731	0.2651	3	BG	mRNA
-460	1.2709	0.2697	3	BG	mRNA
-459	1.2721	0.2687	3	BG	mRNA
-458	1.2748	0.2662	3	BG	mRNA
-457	1.2730	0.2711	3	BG	mRNA
-456	1.2744	0.2709	3	BG	mRNA
-455	1.2748	0.2676	3	BG	mRNA
-454	1.2726	0.2713	3	BG	mRNA
-453	1.2742	0.2704	3	BG	mRNA
-452	1.2760	0.2679	3	BG	mRNA
-451	1.2738	0.2729	3	BG	mRNA
-450	1.2752	0.2712	3	BG	mRNA
-449	1.2777	0.2674	3	BG	mRNA
-448	1.2762	0.2718	3	BG	mRNA
-447	1.2778	0.2704	3	BG	mRNA
-446	1.2802	0.2672	3	BG	mRNA
-445	1.2775	0.2732	3	BG	mRNA
-444	1.2786	0.2734	3	BG	mRNA
-443	1.2793	0.2699	3	BG	mRNA
-442	1.2753	0.2733	3	BG	mRNA
-441	1.2760	0.2715	3	BG	mRNA
-440	1.2766	0.2680	3	BG	mRNA
-439	1.2749	0.2736	3	BG	mRNA
-438	1.2767	0.2736	3	BG	mRNA
-437	1.2788	0.2705	3	BG	mRNA
-436	1.2764	0.2752	3	BG	mRNA
-435	1.2769	0.2759	3	BG	mRNA
-434	1.2798	0.2723	3	BG	mRNA
-433	1.2771	0.2766	3	BG	mRNA
-432	1.2785	0.2784	3	BG	mRNA
-431	1.2800	0.2766	3	BG	mRNA
-430	1.2785	0.2810	3	BG	mRNA
-429	1.2802	0.2809	3	BG	mRNA
-428	1.2825	0.2787	3	BG	mRNA
-427	1.2812	0.2837	3	BG	mRNA
-426	1.2829	0.2843	3	BG	mRNA
-425	1.2853	0.2814	3	BG	mRNA
-424	1.2844	0.2867	3	BG	mRNA
-423	1.2844	0.2860	3	BG	mRNA
-422	1.2862	0.2833	3	BG	mRNA
-421	1.2832	0.2874	3	BG	mRNA
-420	1.2849	0.2871	3	BG	mRNA
-419	1.2873	0.2846	3	BG	mRNA
-418	1.2844	0.2896	3	BG	mRNA
-417	1.2871	0.2902	3	BG	mRNA
-416	1.2893	0.2878	3	BG	mRNA
-415	1.2877	0.2931	3	BG	mRNA
-414	1.2902	0.2944	3	BG	mRNA
-413	1.2936	0.2922	3	BG	mRNA
-412	1.2928	0.2974	3	BG	mRNA
-411	1.2936	0.2973	3	BG	mRNA
-410	1.2962	0.2945	3	BG	mRNA
-409	1.2952	0.2993	3	BG	mRNA
-408	1.2964	0.2988	3	BG	mRNA
-407	1.2985	0.2954	3	BG	mRNA
-406	1.2976	0.3009	3	BG	mRNA
-405	1.2981	0.3014	3	BG	mRNA
-404	1.3004	0.2977	3	BG	mRNA
-403	1.3001	0.3020	3	BG	mRNA
-402	1.3015	0.3023	3	BG	mRNA
-401	1.3073	0.3007	3	BG	mRNA
-400	1.3058	0.3052	3	BG	mRNA
-399	1.3077	0.3044	3	BG	mRNA
-398	1.3098	0.3026	3	BG	mRNA
-397	1.3071	0.3074	3	BG	mRNA
-396	1.3095	0.3059	3	BG	mRNA
-395	1.3127	0.3022	3	BG	mRNA
-394	1.3110	0.3065	3	BG	mRNA
-393	1.3144	0.3075	3	BG	mRNA
-392	1.3163	0.3060	3	BG	mRNA
-391	1.3150	0.3094	3	BG	mRNA
-390	1.3165	0.3096	3	BG	mRNA
-389	1.3178	0.3062	3	BG	mRNA
-388	1.3158	0.3109	3	BG	mRNA
-387	1.3168	0.3105	3	BG	mRNA
-386	1.3195	0.3081	3	BG	mRNA
-385	1.3165	0.3120	3	BG	mRNA
-384	1.3176	0.3110	3	BG	mRNA
-383	1.3197	0.3068	3	BG	mRNA
-382	1.3171	0.3107	3	BG	mRNA
-381	1.3191	0.3102	3	BG	mRNA
-380	1.3206	0.3076	3	BG	mRNA
-379	1.3196	0.3125	3	BG	mRNA
-378	1.3213	0.3126	3	BG	mRNA
-377	1.3232	0.3080	3	BG	mRNA
-376	1.3221	0.3118	3	BG	mRNA
-375	1.3226	0.3104	3	BG	mRNA
-374	1.3246	0.3067	3	BG	mRNA
-373	1.3217	0.3110	3	BG	mRNA
-372	1.3226	0.3113	3	BG	mRNA
-371	1.3253	0.3078	3	BG	mRNA
-370	1.3232	0.3119	3	BG	mRNA
-369	1.3245	0.3108	3	BG	mRNA
-368	1.3256	0.3078	3	BG	mRNA
-367	1.3217	0.3127	3	BG	mRNA
-366	1.3221	0.3116	3	BG	mRNA
-365	1.3239	0.3097	3	BG	mRNA
-364	1.322	0.314	3	BG	mRNA
-363	1.3222	0.3139	3	BG	mRNA
-362	1.3238	0.3099	3	BG	mRNA
-361	1.3222	0.3148	3	BG	mRNA
-360	1.3237	0.3156	3	BG	mRNA
-359	1.3260	0.3119	3	BG	mRNA
-358	1.3241	0.3182	3	BG	mRNA
-357	1.3259	0.3176	3	BG	mRNA
-356	1.3278	0.3140	3	BG	mRNA
-355	1.3267	0.3181	3	BG	mRNA
-354	1.3290	0.3176	3	BG	mRNA
-353	1.3320	0.3149	3	BG	mRNA
-352	1.3308	0.3196	3	BG	mRNA
-351	1.3334	0.3190	3	BG	mRNA
-350	1.3348	0.3157	3	BG	mRNA
-349	1.3329	0.3199	3	BG	mRNA
-348	1.3344	0.3199	3	BG	mRNA
-347	1.3373	0.3170	3	BG	mRNA
-346	1.3363	0.3224	3	BG	mRNA
-345	1.3387	0.3240	3	BG	mRNA
-344	1.3417	0.3228	3	BG	mRNA
-343	1.3395	0.3279	3	BG	mRNA
-342	1.3402	0.3288	3	BG	mRNA
-341	1.3429	0.3261	3	BG	mRNA
-340	1.3419	0.3310	3	BG	mRNA
-339	1.3445	0.3317	3	BG	mRNA
-338	1.3479	0.3313	3	BG	mRNA
-337	1.3455	0.3363	3	BG	mRNA
-336	1.3482	0.3358	3	BG	mRNA
-335	1.3514	0.3335	3	BG	mRNA
-334	1.3501	0.3397	3	BG	mRNA
-333	1.3520	0.3393	3	BG	mRNA
-332	1.3540	0.3355	3	BG	mRNA
-331	1.3528	0.3400	3	BG	mRNA
-330	1.3544	0.3389	3	BG	mRNA
-329	1.3564	0.3357	3	BG	mRNA
-328	1.3538	0.3401	3	BG	mRNA
-327	1.3546	0.3398	3	BG	mRNA
-326	1.3576	0.3373	3	BG	mRNA
-325	1.3548	0.3426	3	BG	mRNA
-324	1.3563	0.3427	3	BG	mRNA
-323	1.3589	0.3407	3	BG	mRNA
-322	1.3561	0.3454	3	BG	mRNA
-321	1.3568	0.3461	3	BG	mRNA
-320	1.3604	0.3443	3	BG	mRNA
-319	1.3577	0.3486	3	BG	mRNA
-318	1.3594	0.3484	3	BG	mRNA
-317	1.3619	0.3455	3	BG	mRNA
-316	1.3587	0.3485	3	BG	mRNA
-315	1.3604	0.3481	3	BG	mRNA
-314	1.3615	0.3454	3	BG	mRNA
-313	1.3597	0.3505	3	BG	mRNA
-312	1.3603	0.3500	3	BG	mRNA
-311	1.3626	0.3473	3	BG	mRNA
-310	1.3603	0.3512	3	BG	mRNA
-309	1.3613	0.3514	3	BG	mRNA
-308	1.3644	0.3493	3	BG	mRNA
-307	1.3619	0.3551	3	BG	mRNA
-306	1.3624	0.3547	3	BG	mRNA
-305	1.3640	0.3516	3	BG	mRNA
-304	1.3629	0.3572	3	BG	mRNA
-303	1.3642	0.3584	3	BG	mRNA
-302	1.3676	0.3563	3	BG	mRNA
-301	1.3656	0.3610	3	BG	mRNA
-300	1.3674	0.3606	3	BG	mRNA
-299	1.3709	0.3591	3	BG	mRNA
-298	1.3689	0.3636	3	BG	mRNA
-297	1.3710	0.3632	3	BG	mRNA
-296	1.3723	0.3612	3	BG	mRNA
-295	1.3701	0.3658	3	BG	mRNA
-294	1.3724	0.3655	3	BG	mRNA
-293	1.3757	0.3624	3	BG	mRNA
-292	1.3744	0.3679	3	BG	mRNA
-291	1.3765	0.3677	3	BG	mRNA
-290	1.3779	0.3642	3	BG	mRNA
-289	1.375	0.368	3	BG	mRNA
-288	1.3768	0.3685	3	BG	mRNA
-287	1.3783	0.3655	3	BG	mRNA
-286	1.3769	0.3707	3	BG	mRNA
-285	1.3785	0.3706	3	BG	mRNA
-284	1.3806	0.3702	3	BG	mRNA
-283	1.3787	0.3754	3	BG	mRNA
-282	1.3808	0.3754	3	BG	mRNA
-281	1.3825	0.3729	3	BG	mRNA
-280	1.3798	0.3767	3	BG	mRNA
-279	1.3821	0.3769	3	BG	mRNA
-278	1.3834	0.3737	3	BG	mRNA
-277	1.3799	0.3778	3	BG	mRNA
-276	1.3809	0.3771	3	BG	mRNA
-275	1.3839	0.3747	3	BG	mRNA
-274	1.3810	0.3783	3	BG	mRNA
-273	1.3828	0.3775	3	BG	mRNA
-272	1.3874	0.3747	3	BG	mRNA
-271	1.3871	0.3792	3	BG	mRNA
-270	1.3886	0.3788	3	BG	mRNA
-269	1.3919	0.3757	3	BG	mRNA
-268	1.3909	0.3801	3	BG	mRNA
-267	1.3922	0.3795	3	BG	mRNA
-266	1.395	0.378	3	BG	mRNA
-265	1.3926	0.3833	3	BG	mRNA
-264	1.3926	0.3829	3	BG	mRNA
-263	1.3955	0.3811	3	BG	mRNA
-262	1.3943	0.3854	3	BG	mRNA
-261	1.3957	0.3861	3	BG	mRNA
-260	1.3988	0.3845	3	BG	mRNA
-259	1.3970	0.3893	3	BG	mRNA
-258	1.3980	0.3895	3	BG	mRNA
-257	1.3999	0.3872	3	BG	mRNA
-256	1.3986	0.3937	3	BG	mRNA
-255	1.4009	0.3937	3	BG	mRNA
-254	1.4034	0.3910	3	BG	mRNA
-253	1.4015	0.3974	3	BG	mRNA
-252	1.4034	0.3960	3	BG	mRNA
-251	1.4064	0.3934	3	BG	mRNA
-250	1.4046	0.3989	3	BG	mRNA
-249	1.4071	0.3990	3	BG	mRNA
-248	1.4091	0.3969	3	BG	mRNA
-247	1.4081	0.4024	3	BG	mRNA
-246	1.4098	0.4022	3	BG	mRNA
-245	1.4131	0.4002	3	BG	mRNA
-244	1.4110	0.4046	3	BG	mRNA
-243	1.4120	0.4061	3	BG	mRNA
-242	1.4150	0.4051	3	BG	mRNA
-241	1.4139	0.4107	3	BG	mRNA
-240	1.4154	0.4102	3	BG	mRNA
-239	1.4191	0.4081	3	BG	mRNA
-238	1.4175	0.4121	3	BG	mRNA
-237	1.4204	0.4111	3	BG	mRNA
-236	1.4233	0.4082	3	BG	mRNA
-235	1.4233	0.4128	3	BG	mRNA
-234	1.4259	0.4119	3	BG	mRNA
-233	1.4286	0.4115	3	BG	mRNA
-232	1.4266	0.4160	3	BG	mRNA
-231	1.4290	0.4171	3	BG	mRNA
-230	1.4320	0.4174	3	BG	mRNA
-229	1.4315	0.4227	3	BG	mRNA
-228	1.4334	0.4216	3	BG	mRNA
-227	1.436	0.420	3	BG	mRNA
-226	1.4337	0.4249	3	BG	mRNA
-225	1.4355	0.4241	3	BG	mRNA
-224	1.4372	0.4228	3	BG	mRNA
-223	1.4354	0.4277	3	BG	mRNA
-222	1.4367	0.4273	3	BG	mRNA
-221	1.4392	0.4285	3	BG	mRNA
-220	1.4366	0.4341	3	BG	mRNA
-219	1.4366	0.4309	3	BG	mRNA
-218	1.4405	0.4289	3	BG	mRNA
-217	1.4394	0.4315	3	BG	mRNA
-216	1.4414	0.4313	3	BG	mRNA
-215	1.4447	0.4297	3	BG	mRNA
-214	1.4430	0.4335	3	BG	mRNA
-213	1.4444	0.4324	3	BG	mRNA
-212	1.4462	0.4311	3	BG	mRNA
-211	1.4455	0.4368	3	BG	mRNA
-210	1.4475	0.4373	3	BG	mRNA
-209	1.4517	0.4379	3	BG	mRNA
-208	1.4512	0.4435	3	BG	mRNA
-207	1.4540	0.4427	3	BG	mRNA
-206	1.4570	0.4412	3	BG	mRNA
-205	1.4549	0.4453	3	BG	mRNA
-204	1.4571	0.4462	3	BG	mRNA
-203	1.4615	0.4435	3	BG	mRNA
-202	1.4623	0.4493	3	BG	mRNA
-201	1.4629	0.4470	3	BG	mRNA
-200	1.4671	0.4449	3	BG	mRNA
-199	1.4645	0.4479	3	BG	mRNA
-198	1.4651	0.4469	3	BG	mRNA
-197	1.4666	0.4441	3	BG	mRNA
-196	1.4647	0.4477	3	BG	mRNA
-195	1.4657	0.4478	3	BG	mRNA
-194	1.4714	0.4475	3	BG	mRNA
-193	1.4682	0.4509	3	BG	mRNA
-192	1.4722	0.4516	3	BG	mRNA
-191	1.4744	0.4491	3	BG	mRNA
-190	1.4715	0.4544	3	BG	mRNA
-189	1.4734	0.4551	3	BG	mRNA
-188	1.4762	0.4524	3	BG	mRNA
-187	1.4740	0.4564	3	BG	mRNA
-186	1.4766	0.4566	3	BG	mRNA
-185	1.4782	0.4536	3	BG	mRNA
-184	1.4761	0.4570	3	BG	mRNA
-183	1.4781	0.4576	3	BG	mRNA
-182	1.4810	0.4543	3	BG	mRNA
-181	1.4797	0.4592	3	BG	mRNA
-180	1.4809	0.4611	3	BG	mRNA
-179	1.4824	0.4597	3	BG	mRNA
-178	1.4794	0.4640	3	BG	mRNA
-177	1.4801	0.4647	3	BG	mRNA
-176	1.4841	0.4649	3	BG	mRNA
-175	1.4811	0.4690	3	BG	mRNA
-174	1.4821	0.4692	3	BG	mRNA
-173	1.4855	0.4669	3	BG	mRNA
-172	1.4851	0.4732	3	BG	mRNA
-171	1.4868	0.4735	3	BG	mRNA
-170	1.4884	0.4723	3	BG	mRNA
-169	1.4879	0.4773	3	BG	mRNA
-168	1.4886	0.4773	3	BG	mRNA
-167	1.4920	0.4759	3	BG	mRNA
-166	1.4906	0.4813	3	BG	mRNA
-165	1.4939	0.4826	3	BG	mRNA
-164	1.4967	0.4797	3	BG	mRNA
-163	1.4937	0.4844	3	BG	mRNA
-162	1.4956	0.4851	3	BG	mRNA
-161	1.4969	0.4837	3	BG	mRNA
-160	1.4958	0.4883	3	BG	mRNA
-159	1.4975	0.4883	3	BG	mRNA
-158	1.5011	0.4867	3	BG	mRNA
-157	1.4996	0.4919	3	BG	mRNA
-156	1.5002	0.4913	3	BG	mRNA
-155	1.5046	0.4915	3	BG	mRNA
-154	1.5039	0.4962	3	BG	mRNA
-153	1.5053	0.4959	3	BG	mRNA
-152	1.5089	0.4944	3	BG	mRNA
-151	1.5085	0.5002	3	BG	mRNA
-150	1.5114	0.5022	3	BG	mRNA
-149	1.5153	0.5000	3	BG	mRNA
-148	1.5134	0.5043	3	BG	mRNA
-147	1.5153	0.5052	3	BG	mRNA
-146	1.5173	0.5020	3	BG	mRNA
-145	1.5167	0.5074	3	BG	mRNA
-144	1.5177	0.5048	3	BG	mRNA
-143	1.5205	0.5019	3	BG	mRNA
-142	1.5193	0.5065	3	BG	mRNA
-141	1.5208	0.5073	3	BG	mRNA
-140	1.5243	0.5063	3	BG	mRNA
-139	1.5229	0.5108	3	BG	mRNA
-138	1.5250	0.5118	3	BG	mRNA
-137	1.5268	0.5085	3	BG	mRNA
-136	1.5234	0.5142	3	BG	mRNA
-135	1.5251	0.5152	3	BG	mRNA
-134	1.5272	0.5126	3	BG	mRNA
-133	1.5257	0.5167	3	BG	mRNA
-132	1.5276	0.5178	3	BG	mRNA
-131	1.5323	0.5193	3	BG	mRNA
-130	1.5314	0.5259	3	BG	mRNA
-129	1.5329	0.5275	3	BG	mRNA
-128	1.5367	0.5265	3	BG	mRNA
-127	1.5357	0.5307	3	BG	mRNA
-126	1.5383	0.5323	3	BG	mRNA
-125	1.5417	0.5305	3	BG	mRNA
-124	1.5404	0.5360	3	BG	mRNA
-123	1.5431	0.5368	3	BG	mRNA
-122	1.5440	0.5337	3	BG	mRNA
-121	1.5431	0.5392	3	BG	mRNA
-120	1.5439	0.5392	3	BG	mRNA
-119	1.5476	0.5382	3	BG	mRNA
-118	1.5494	0.5432	3	BG	mRNA
-117	1.5507	0.5420	3	BG	mRNA
-116	1.5537	0.5407	3	BG	mRNA
-115	1.5524	0.5457	3	BG	mRNA
-114	1.5544	0.5457	3	BG	mRNA
-113	1.5582	0.5441	3	BG	mRNA
-112	1.5575	0.5503	3	BG	mRNA
-111	1.5595	0.5512	3	BG	mRNA
-110	1.5622	0.5497	3	BG	mRNA
-109	1.5604	0.5545	3	BG	mRNA
-108	1.5613	0.5544	3	BG	mRNA
-107	1.5628	0.5522	3	BG	mRNA
-106	1.5626	0.5583	3	BG	mRNA
-105	1.5649	0.5590	3	BG	mRNA
-104	1.5673	0.5572	3	BG	mRNA
-103	1.5633	0.5601	3	BG	mRNA
-102	1.5655	0.5615	3	BG	mRNA
-101	1.5689	0.5610	3	BG	mRNA
-100	1.5686	0.5647	3	BG	mRNA
-99	1.5699	0.5649	3	BG	mRNA
-98	1.5720	0.5628	3	BG	mRNA
-97	1.5693	0.5671	3	BG	mRNA
-96	1.5701	0.5683	3	BG	mRNA
-95	1.5720	0.5647	3	BG	mRNA
-94	1.5706	0.5707	3	BG	mRNA
-93	1.5727	0.5716	3	BG	mRNA
-92	1.5775	0.5693	3	BG	mRNA
-91	1.5755	0.5731	3	BG	mRNA
-90	1.5759	0.5737	3	BG	mRNA
-89	1.579	0.572	3	BG	mRNA
-88	1.5787	0.5777	3	BG	mRNA
-87	1.5826	0.5806	3	BG	mRNA
-86	1.5866	0.5792	3	BG	mRNA
-85	1.5869	0.5862	3	BG	mRNA
-84	1.5885	0.5887	3	BG	mRNA
-83	1.5916	0.5861	3	BG	mRNA
-82	1.5907	0.5915	3	BG	mRNA
-81	1.5930	0.5924	3	BG	mRNA
-80	1.5968	0.5912	3	BG	mRNA
-79	1.5957	0.5970	3	BG	mRNA
-78	1.5982	0.5983	3	BG	mRNA
-77	1.6021	0.5966	3	BG	mRNA
-76	1.6021	0.6029	3	BG	mRNA
-75	1.6049	0.6031	3	BG	mRNA
-74	1.6071	0.6003	3	BG	mRNA
-73	1.6072	0.6044	3	BG	mRNA
-72	1.6094	0.6037	3	BG	mRNA
-71	1.6131	0.6036	3	BG	mRNA
-70	1.6115	0.6076	3	BG	mRNA
-69	1.6144	0.6088	3	BG	mRNA
-68	1.6174	0.6077	3	BG	mRNA
-67	1.6184	0.6130	3	BG	mRNA
-66	1.6214	0.6148	3	BG	mRNA
-65	1.6247	0.6153	3	BG	mRNA
-64	1.6225	0.6202	3	BG	mRNA
-63	1.6230	0.6197	3	BG	mRNA
-62	1.6264	0.6183	3	BG	mRNA
-61	1.6257	0.6246	3	BG	mRNA
-60	1.6271	0.6257	3	BG	mRNA
-59	1.6292	0.6226	3	BG	mRNA
-58	1.6264	0.6267	3	BG	mRNA
-57	1.6273	0.6272	3	BG	mRNA
-56	1.6297	0.6253	3	BG	mRNA
-55	1.6278	0.6295	3	BG	mRNA
-54	1.6295	0.6307	3	BG	mRNA
-53	1.6319	0.6297	3	BG	mRNA
-52	1.6302	0.6346	3	BG	mRNA
-51	1.6298	0.6337	3	BG	mRNA
-50	1.6327	0.6312	3	BG	mRNA
-49	1.6308	0.6365	3	BG	mRNA
-48	1.6315	0.6355	3	BG	mRNA
-47	1.6331	0.6329	3	BG	mRNA
-46	1.6325	0.6387	3	BG	mRNA
-45	1.6321	0.6399	3	BG	mRNA
-44	1.6341	0.6376	3	BG	mRNA
-43	1.6326	0.6430	3	BG	mRNA
-42	1.6351	0.6431	3	BG	mRNA
-41	1.6375	0.6416	3	BG	mRNA
-40	1.6352	0.6466	3	BG	mRNA
-39	1.6367	0.6467	3	BG	mRNA
-38	1.6379	0.6467	3	BG	mRNA
-37	1.6367	0.6504	3	BG	mRNA
-36	1.6384	0.6522	3	BG	mRNA
-35	1.6434	0.6512	3	BG	mRNA
-34	1.6416	0.6561	3	BG	mRNA
-33	1.6428	0.6553	3	BG	mRNA
-32	1.6461	0.6545	3	BG	mRNA
-31	1.6440	0.6606	3	BG	mRNA
-30	1.6446	0.6589	3	BG	mRNA
-29	1.6426	0.6542	3	BG	mRNA
-28	1.6382	0.6568	3	BG	mRNA
-27	1.6398	0.6589	3	BG	mRNA
-26	1.6411	0.6569	3	BG	mRNA
-25	1.6387	0.6609	3	BG	mRNA
-24	1.6379	0.6587	3	BG	mRNA
-23	1.6384	0.6571	3	BG	mRNA
-22	1.6346	0.6621	3	BG	mRNA
-21	1.6334	0.6609	3	BG	mRNA
-20	1.6327	0.6581	3	BG	mRNA
-19	1.6286	0.6630	3	BG	mRNA
-18	1.6266	0.6655	3	BG	mRNA
-17	1.6229	0.6640	3	BG	mRNA
-16	1.6167	0.6682	3	BG	mRNA
-15	1.6127	0.6703	3	BG	mRNA
-14	1.6082	0.6699	3	BG	mRNA
-13	1.6011	0.6734	3	BG	mRNA
-12	1.5946	0.6741	3	BG	mRNA
-11	1.5871	0.6738	3	BG	mRNA
-10	1.5782	0.6781	3	BG	mRNA
-9	1.5744	0.6829	3	BG	mRNA
-8	1.5703	0.6833	3	BG	mRNA
-7	1.5625	0.6862	3	BG	mRNA
-6	1.5537	0.6879	3	BG	mRNA
-5	1.5484	0.6892	3	BG	mRNA
-4	1.5406	0.6951	3	BG	mRNA
-3	1.5402	0.7023	3	BG	mRNA
-2	1.5366	0.7062	3	BG	mRNA
-1	1.5427	0.7103	3	BG	mRNA
0	1.5454	0.7223	3	BG	mRNA
