Codon	Mean	SD	BG
AAA	0.374	0.1162	FF
AAC	0.3261	0.1506	FF
AAG	0.4075	0.1461	FF
AAT	0.3309	0.1312	FF
ACA	0.3548	0.1327	FF
ACC	0.3158	0.1978	FF
ACG	0.3319	0.1938	FF
ACT	0.3618	0.1494	FF
AGA	0.3724	0.1198	FF
AGC	0.263	0.2426	FF
AGG	0.3541	0.1602	FF
AGT	0.3249	0.1674	FF
ATA	0.3484	0.2547	FF
ATC	0.3522	0.1461	FF
ATG	0.3714	0.2571	FF
ATT	0.3996	0.1294	FF
CAA	0.3338	0.1292	FF
CAC	0.3235	0.137	FF
CAG	0.2686	0.1253	FF
CAT	0.346	0.222	FF
CCA	0.409	0.1659	FF
CCC	0.3589	0.1327	FF
CCG	0.3311	0.1777	FF
CCT	0.3583	0.1417	FF
CGA	0.3793	0.1672	FF
CGC	0.3269	0.2137	FF
CGG	0.2974	0.1398	FF
CGT	0.2945	0.2218	FF
CTA	0.4184	0.1813	FF
CTC	0.3625	0.1944	FF
CTG	0.3834	0.1416	FF
CTT	0.3576	0.171	FF
GAA	0.365	0.1488	FF
GAC	0.3423	0.1589	FF
GAG	0.3251	0.1299	FF
GAT	0.3207	0.1447	FF
GCA	0.3529	0.1336	FF
GCC	0.2759	0.1689	FF
GCG	0.3072	0.1361	FF
GCT	0.2967	0.1754	FF
GGA	0.3545	0.1597	FF
GGC	0.3284	0.1837	FF
GGG	0.3719	0.1898	FF
GGT	0.3379	0.1427	FF
GTA	0.4158	0.1394	FF
GTC	0.382	0.1634	FF
GTG	0.4044	0.1394	FF
GTT	0.3809	0.1691	FF
TAC	0.3667	0.1504	FF
TAT	0.3884	0.1523	FF
TCA	0.3348	0.1778	FF
TCC	0.355	0.188	FF
TCG	0.3308	0.185	FF
TCT	0.3057	0.1812	FF
TGC	0.3948	0.1925	FF
TGG	0.3471	0.1998	FF
TGT	0.3683	0.1801	FF
TTA	0.3696	0.1621	FF
TTC	0.387	0.1169	FF
TTG	0.3716	0.1356	FF
TTT	0.3914	0.1556	FF
AAA	0.7712	0.4181	CHX
AAC	0.6457	0.4125	CHX
AAG	0.8017	0.4365	CHX
AAT	0.6414	0.4061	CHX
ACA	0.8654	0.4641	CHX
ACC	0.7768	0.4398	CHX
ACG	0.8284	0.4618	CHX
ACT	0.8123	0.4376	CHX
AGA	0.8134	0.441	CHX
AGC	0.7397	0.4584	CHX
AGG	0.8772	0.4854	CHX
AGT	0.6354	0.4211	CHX
ATA	0.8273	0.4601	CHX
ATC	0.6883	0.3943	CHX
ATG	1.512	0.758	CHX
ATT	0.7225	0.4127	CHX
CAA	0.7085	0.422	CHX
CAC	0.7127	0.435	CHX
CAG	0.6413	0.4236	CHX
CAT	0.677	0.42	CHX
CCA	0.775	0.4434	CHX
CCC	0.7539	0.4324	CHX
CCG	0.7947	0.443	CHX
CCT	0.7548	0.4235	CHX
CGA	1.084	0.5891	CHX
CGC	0.9479	0.5572	CHX
CGG	0.8366	0.5366	CHX
CGT	0.8496	0.4559	CHX
CTA	0.753	0.4179	CHX
CTC	0.8068	0.4604	CHX
CTG	0.7367	0.4165	CHX
CTT	0.7311	0.4327	CHX
GAA	0.7117	0.4151	CHX
GAC	0.6733	0.3867	CHX
GAG	0.7371	0.4261	CHX
GAT	0.6449	0.3965	CHX
GCA	0.865	0.5006	CHX
GCC	0.6812	0.4247	CHX
GCG	0.786	0.4301	CHX
GCT	0.7534	0.4279	CHX
GGA	0.8202	0.4548	CHX
GGC	0.7029	0.4749	CHX
GGG	0.8011	0.449	CHX
GGT	0.6864	0.3976	CHX
GTA	0.8899	0.4708	CHX
GTC	0.8057	0.4628	CHX
GTG	0.8325	0.4856	CHX
GTT	0.8944	0.4619	CHX
TAC	0.675	0.3998	CHX
TAT	0.6883	0.4094	CHX
TCA	0.7418	0.4625	CHX
TCC	0.7006	0.4152	CHX
TCG	0.6936	0.4682	CHX
TCT	0.6572	0.4016	CHX
TGC	0.8567	0.5053	CHX
TGG	0.843	0.4753	CHX
TGT	0.7353	0.4555	CHX
TTA	0.6678	0.3878	CHX
TTC	0.7175	0.4102	CHX
TTG	0.6382	0.3734	CHX
TTT	0.7837	0.4336	CHX
